;;Elektrische_Last [kW];Warmwasser_Last [kW]; Außentemperatur [ºC];PV_Erzeugung [kW];Wärme_Last 23°C [W];Kühl_Last 23°C [W];Sonneneinstrahlung [W/m²]
20.07.2023;00:00:00;0,256;0;19.481;0;0;60,99;0
20.07.2023;01:00:00;0,256;0;19.134;0;8,6;0;0
20.07.2023;02:00:00;0,256;0;18.827;0;56,4;0;0
20.07.2023;03:00:00;0,256;0;18.528;0;95,59;0;0
20.07.2023;04:00:00;0,256;0;18.332;0;132,39;0;0
20.07.2023;05:00:00;0,256;0;18.493;0.024;171,59;0;34.043
20.07.2023;06:00:00;0,28;0;19.671;0.184;208,01;0;190.957
20.07.2023;07:00:00;1,916;0;22.154;0.342;160,04;0;391.331
20.07.2023;08:00:00;3,326;1,393333333;24.696;0.470;0;122,03;588.233
20.07.2023;09:00:00;1,331;0;26.461;0.567;0;356,81;758.606
20.07.2023;10:00:00;0,301;0;27.857;0.634;0;752,9;887.008
20.07.2023;11:00:00;0,301;0;28.973;0.670;0;1071,1;963.449
20.07.2023;12:00:00;6,496;0;29.767;0.680;0;1323,73;988.878
20.07.2023;13:00:00;0,25;0;30.277;0.658;0;1500,33;949.571
20.07.2023;14:00:00;0,256;0;30.418;0.608;0;1781,36;855.425
20.07.2023;15:00:00;0,451;0;30.313;0.530;0;1613,18;715.995
20.07.2023;16:00:00;0,866;0;29.945;0.421;0;1541,06;534.186
20.07.2023;17:00:00;0,276;0;29.270;0.284;0;1400,87;332.664
20.07.2023;18:00:00;7,536;0;28.066;0.123;0;1189,98;136.161
20.07.2023;19:00:00;0,366;0;25.650;0;0;933,49;9.767
20.07.2023;20:00:00;0,426;0;23.920;0;0;648,24;0
20.07.2023;21:00:00;0,436;1,393333333;22.601;0;0;310,92;0
20.07.2023;22:00:00;0,44;0;21.669;0;0;358,95;0
20.07.2023;23:00:00;0,286;0;21.070;0;0;261,44;0
21.07.2023;00:00:00;0,256;0;20.686;0;0;175,22;0
21.07.2023;01:00:00;0,256;0;20.389;0;0;110,5;0
21.07.2023;02:00:00;0,256;0;20.127;0;0;65,1;0
21.07.2023;03:00:00;0,256;0;19.862;0;0;29,06;0
21.07.2023;04:00:00;0,256;0;19.538;0;0,19;0;0
21.07.2023;05:00:00;0,261;0;19.658;0.028;29,73;0;36.017
21.07.2023;06:00:00;0,28;0;21.026;0.195;66,72;0;199.270
21.07.2023;07:00:00;0,281;0;23.286;0.348;16,66;0;400.346
21.07.2023;08:00:00;1,331;0;26.502;0.471;0;275,91;596.628
21.07.2023;09:00:00;4,706;0;29.588;0.563;0;513,72;766.899
21.07.2023;10:00:00;0,931;0;31.622;0.627;0;978,47;896.125
21.07.2023;11:00:00;2,896;0;32.842;0.662;0;1377,21;973.861
21.07.2023;12:00:00;4,816;0;33.562;0.669;0;1665,51;994.740
21.07.2023;13:00:00;0,72;0;33.954;0.648;0;1841,56;954.463
21.07.2023;14:00:00;0,291;0;34.018;0.598;0;1922,36;857.829
21.07.2023;15:00:00;1,516;0;33.765;0.519;0;1915,9;712.706
21.07.2023;16:00:00;0,401;0;33.161;0.412;0;1825,9;531.765
21.07.2023;17:00:00;0,471;0;32.090;0.278;0;1660,03;331.235
21.07.2023;18:00:00;0,816;0;30.425;0.121;0;1431,61;135.232
21.07.2023;19:00:00;4,341;0;27.452;0;0;1152,66;9.471
21.07.2023;20:00:00;3,466;1,393333333;25.440;0;0;837,29;0
21.07.2023;21:00:00;0,966;1,393333333;23.965;0;0;465,98;0
21.07.2023;22:00:00;0,32;0;22.882;0;0;499,66;0
21.07.2023;23:00:00;0,316;0;22.042;0;0;397,47;0
22.07.2023;00:00:00;0,256;0;21.400;0;0;312,78;0
22.07.2023;01:00:00;0,256;0;20.920;0;0;239,17;0
22.07.2023;02:00:00;0,256;0;20.520;0;0;175,12;0
22.07.2023;03:00:00;0,256;0;20.126;0;0;126,28;0
22.07.2023;04:00:00;0,256;0;19.867;0;0;89,67;0
22.07.2023;05:00:00;0,256;0;20.057;0.031;0;56,78;37.186
22.07.2023;06:00:00;0,26;0;21.631;0.204;0;37,09;205.951
22.07.2023;07:00:00;3,666;0;23.713;0.357;0;129,46;411.003
22.07.2023;08:00:00;4,016;0;26.722;0.480;0;516,54;609.531
22.07.2023;09:00:00;0,321;1,393333333;28.654;0.574;0;719,02;780.557
22.07.2023;10:00:00;0,736;0;29.420;0.641;0;1054,78;909.277
22.07.2023;11:00:00;5,361;0;29.491;0.679;0;1292,07;985.127
22.07.2023;12:00:00;0,766;0;29.352;0.689;0;1622,63;1.003.902
22.07.2023;13:00:00;0,245;0;29.144;0.668;0;1692,15;962.205
22.07.2023;14:00:00;8,421;0;28.867;0.617;0;1527,57;864.200
22.07.2023;15:00:00;0,256;0;28.500;0.535;0;1477,82;717.523
22.07.2023;16:00:00;0,976;0;27.917;0.424;0;1362,72;534.189
22.07.2023;17:00:00;0,286;0;27.031;0.286;0;1189,52;331.957
22.07.2023;18:00:00;1,026;0;25.596;0.125;0;959,33;135.212
22.07.2023;19:00:00;10,416;0;23.343;0;0;680,05;9.236
22.07.2023;20:00:00;0,376;1,393333333;21.866;0;0;358,45;0
22.07.2023;21:00:00;0,336;0;21.088;0;0;50,08;0
22.07.2023;22:00:00;0,965;0;20.539;0;0;93,3;0
22.07.2023;23:00:00;0,421;0;20.046;0;0;20,07;0
23.07.2023;00:00:00;0,256;0;19.634;0;31,83;0;0
23.07.2023;01:00:00;0,256;0;19.357;0;78;0;0
23.07.2023;02:00:00;0,256;0;19.100;0;113,95;0;0
23.07.2023;03:00:00;0,256;0;18.828;0;129,53;0;0
23.07.2023;04:00:00;0,256;0;18.516;0;138,32;0;0
23.07.2023;05:00:00;0,256;0;18.516;0.025;141,48;0;34.033
23.07.2023;06:00:00;0,31;0;19.727;0.190;151,42;0;194.216
23.07.2023;07:00:00;0,436;0;21.345;0.353;106,56;0;402.988
23.07.2023;08:00:00;3,816;1,393333333;23.003;0.482;0;192,22;601.667
23.07.2023;09:00:00;1,891;1,393333333;24.636;0.581;0;379,32;773.889
23.07.2023;10:00:00;0,301;0;26.049;0.649;0;705,31;904.450
23.07.2023;11:00:00;0,301;0;27.230;0.685;0;988,07;983.335
23.07.2023;12:00:00;5,536;0;28.123;0.690;0;1224,95;1.000.224
23.07.2023;13:00:00;0,73;0;28.719;0.667;0;1393,64;959.969
23.07.2023;14:00:00;0,256;0;29.004;0.615;0;1477,83;863.047
23.07.2023;15:00:00;0,931;0;29.029;0.534;0;1481,53;717.706
23.07.2023;16:00:00;0,386;0;28.730;0.423;0;1406,04;535.329
23.07.2023;17:00:00;0,276;0;28.039;0.285;0;1268,05;332.629
23.07.2023;18:00:00;7,536;0;26.825;0.122;0;1066,04;134.151
23.07.2023;19:00:00;0,336;0;24.505;0;0;809,83;8.698
23.07.2023;20:00:00;0,366;0;22.910;0;0;514,26;0
23.07.2023;21:00:00;0,956;0;21.665;0;0;186,69;0
23.07.2023;22:00:00;0,34;0;20.675;0;0;247,58;0
23.07.2023;23:00:00;0,256;0;19.884;0;0;170,82;0
24.07.2023;00:00:00;0,256;0;19.257;0;0;100,75;0
24.07.2023;01:00:00;0,256;0;18.808;0;0;27,63;0
24.07.2023;02:00:00;0,256;0;18.490;0;41,96;0;0
24.07.2023;03:00:00;0,256;0;18.231;0;95,21;0;0
24.07.2023;04:00:00;0,256;0;18.007;0;138,42;0;0
24.07.2023;05:00:00;0,261;0;18.178;0.026;180,67;0;34.081
24.07.2023;06:00:00;0,28;0;19.435;0.196;221,49;0;198.418
24.07.2023;07:00:00;1,801;0;21.623;0.352;174,36;0;402.033
24.07.2023;08:00:00;0,391;0;24.650;0.477;0;132,84;600.498
24.07.2023;09:00:00;5,586;0;27.585;0.570;0;373,06;770.652
24.07.2023;10:00:00;0,451;1,393333333;29.273;0.636;0;831,11;901.210
24.07.2023;11:00:00;2,416;0;29.939;0.674;0;1202,53;979.708
24.07.2023;12:00:00;5,776;0;30.053;0.684;0;1614,34;1.002.630
24.07.2023;13:00:00;0,24;0;29.828;0.665;0;1552;962.440
24.07.2023;14:00:00;0,291;0;29.329;0.615;0;1580,29;865.179
24.07.2023;15:00:00;1,516;0;28.677;0.532;0;1524,7;714.161
24.07.2023;16:00:00;0,881;0;27.846;0.422;0;1391,27;531.809
24.07.2023;17:00:00;0,471;0;26.698;0.283;0;1382,55;329.326
24.07.2023;18:00:00;0,816;0;25.062;0.121;0;959,66;131.806
24.07.2023;19:00:00;3,941;1,393333333;22.751;0;0;664,19;8.228
24.07.2023;20:00:00;3,546;0;21.485;0;0;334,77;0
24.07.2023;21:00:00;0,486;0;20.903;0;0;24,66;0
24.07.2023;22:00:00;0,45;0;20.602;0;0;87,08;0
24.07.2023;23:00:00;0,316;0;20.390;0;0;26,96;0
25.07.2023;00:00:00;0,256;0;20.181;0;6,31;0;0
25.07.2023;01:00:00;0,256;0;19.936;0;21,7;0;0
25.07.2023;02:00:00;0,256;0;19.678;0;29,54;0;0
25.07.2023;03:00:00;0,256;0;19.334;0;38,81;0;0
25.07.2023;04:00:00;0,256;0;18.963;0;55,44;0;0
25.07.2023;05:00:00;0,256;0;19.058;0.024;81,06;0;33.438
25.07.2023;06:00:00;0,26;0;20.866;0.192;108,31;0;197.153
25.07.2023;07:00:00;2,846;0;22.879;0.346;65,51;0;399.291
25.07.2023;08:00:00;3,986;1,393333333;25.176;0.472;0;269,93;594.865
25.07.2023;09:00:00;0,321;0;26.765;0.567;0;491,92;762.762
25.07.2023;10:00:00;0,736;0;27.369;0.634;0;912,73;887.502
25.07.2023;11:00:00;5,841;0;27.750;0.670;0;1232,02;958.751
25.07.2023;12:00:00;0,286;0;27.852;0.658;0;1418,81;940.527
25.07.2023;13:00:00;0,725;0;27.682;0.631;0;1532,22;888.858
25.07.2023;14:00:00;7,941;0;27.385;0.573;0;1533,51;784.900
25.07.2023;15:00:00;0,256;0;27.089;0.484;0;1657,53;634.954
25.07.2023;16:00:00;0,976;0;26.615;0.362;0;1341,07;451.300
25.07.2023;17:00:00;0,286;0;25.898;0.211;0;1149,3;253.865
25.07.2023;18:00:00;1,506;0;24.949;0.063;0;900,82;86.896
25.07.2023;19:00:00;10,366;0;23.762;0;0;617,22;5.331
25.07.2023;20:00:00;0,436;0;22.925;0;0;332,36;0
25.07.2023;21:00:00;0,856;1,393333333;22.430;0;0;119,15;0
25.07.2023;22:00:00;0,445;0;22.104;0;0;199,21;0
25.07.2023;23:00:00;0,331;0;21.822;0;0;145,01;0
26.07.2023;00:00:00;0,256;0;21.535;0;0;110,89;0
26.07.2023;01:00:00;0,256;0;21.344;0;0;86,61;0
26.07.2023;02:00:00;0,256;0;21.277;0;0;72,94;0
26.07.2023;03:00:00;0,256;0;21.276;0;0;75,52;0
26.07.2023;04:00:00;0,256;0;21.227;0;0;73,32;0
26.07.2023;05:00:00;0,256;0;21.434;0.010;0;63,57;24.467
26.07.2023;06:00:00;0,28;0;23.255;0.143;0;57,07;161.412
26.07.2023;07:00:00;1,156;0;25.594;0.301;0;115,22;354.349
26.07.2023;08:00:00;4,326;0;28.763;0.431;0;435,34;550.579
26.07.2023;09:00:00;0,481;0;30.888;0.531;0;656,7;723.805
26.07.2023;10:00:00;0,781;0;31.863;0.601;0;1130,04;854.851
26.07.2023;11:00:00;0,301;0;32.212;0.640;0;1498,93;932.797
26.07.2023;12:00:00;6,016;0;32.286;0.637;0;1683,33;928.774
26.07.2023;13:00:00;0,25;0;32.229;0.616;0;1774,29;888.269
26.07.2023;14:00:00;0,736;0;32.059;0.563;0;1775,84;791.522
26.07.2023;15:00:00;0,451;0;31.719;0.480;0;1716,74;647.398
26.07.2023;16:00:00;0,386;0;31.195;0.367;0;1593,78;468.876
26.07.2023;17:00:00;0,276;0;30.319;0.227;0;1404,5;276.200
26.07.2023;18:00:00;7,056;0;28.816;0.077;0;1165,55;100.412
26.07.2023;19:00:00;0,816;0;26.238;0;0;888,16;5.718
26.07.2023;20:00:00;0,406;1,393333333;24.575;0;0;579,23;0
26.07.2023;21:00:00;0,516;1,393333333;23.523;0;0;261,28;0
26.07.2023;22:00:00;0,83;0;22.902;0;0;285,92;0
26.07.2023;23:00:00;0,256;0;22.543;0;0;197,21;0
27.07.2023;00:00:00;0,256;0;22.302;0;0;147,5;0
27.07.2023;01:00:00;0,256;0;22.139;0;0;118,63;0
27.07.2023;02:00:00;0,256;0;22.104;0;0;101,52;0
27.07.2023;03:00:00;0,256;0;21.948;0;0;89;0
27.07.2023;04:00:00;0,256;0;21.682;0;0;88,61;0
27.07.2023;05:00:00;0,261;0;21.653;0.011;0;87,85;24.985
27.07.2023;06:00:00;0,28;0;22.811;0.149;0;77,91;165.881
27.07.2023;07:00:00;0,381;0;24.847;0.305;0;125,91;357.672
27.07.2023;08:00:00;0,881;0;26.936;0.434;0;413,64;550.361
27.07.2023;09:00:00;6,116;1,393333333;28.103;0.535;0;616,64;719.626
27.07.2023;10:00:00;0,451;0;29.006;0.605;0;989,56;848.525
27.07.2023;11:00:00;2,416;0;29.647;0.644;0;1258,37;925.730
27.07.2023;12:00:00;4,816;0;30.068;0.656;0;1449,52;951.958
27.07.2023;13:00:00;0,72;0;30.240;0.634;0;1577,61;911.871
27.07.2023;14:00:00;0,291;0;30.118;0.582;0;1634,93;815.188
27.07.2023;15:00:00;1,996;0;29.790;0.502;0;1600,44;674.805
27.07.2023;16:00:00;0,401;0;29.170;0.389;0;1480,76;493.804
27.07.2023;17:00:00;0,471;0;28.315;0.248;0;1298,25;295.563
27.07.2023;18:00:00;0,816;0;27.001;0.089;0;1055,86;109.294
27.07.2023;19:00:00;3,941;0;25.048;0;0;777,91;5.720
27.07.2023;20:00:00;3,426;1,393333333;23.657;0;0;480,94;0
27.07.2023;21:00:00;0,766;0;22.753;0;0;223,48;0
27.07.2023;22:00:00;0,41;0;22.332;0;0;268,8;0
27.07.2023;23:00:00;0,436;0;22.204;0;0;181,05;0
28.07.2023;00:00:00;0,256;0;22.106;0;0;137,37;0
28.07.2023;01:00:00;0,256;0;21.953;0;0;118,34;0
28.07.2023;02:00:00;0,256;0;21.800;0;0;109,93;0
28.07.2023;03:00:00;0,256;0;21.615;0;0;111,65;0
28.07.2023;04:00:00;0,256;0;21.411;0;0;117,96;0
28.07.2023;05:00:00;0,256;0;21.599;0.010;0;110,31;24.686
28.07.2023;06:00:00;0,29;0;22.832;0.150;0;97,89;166.163
28.07.2023;07:00:00;4,366;0;24.412;0.306;0;157,33;358.688
28.07.2023;08:00:00;2,956;1,393333333;25.608;0.437;0;429,09;550.419
28.07.2023;09:00:00;1,201;1,393333333;26.489;0.537;0;581,59;716.923
28.07.2023;10:00:00;0,256;0;27.232;0.607;0;876,73;842.710
28.07.2023;11:00:00;5,361;0;27.898;0.645;0;1132,26;918.068
28.07.2023;12:00:00;1,246;0;28.452;0.654;0;1347,74;937.967
28.07.2023;13:00:00;0,245;0;28.758;0.631;0;1502,82;898.314
28.07.2023;14:00:00;7,941;0;28.786;0.579;0;1578,63;803.305
28.07.2023;15:00:00;0,256;0;28.499;0.496;0;1555,78;660.894
28.07.2023;16:00:00;1,456;0;27.920;0.384;0;1444,02;483.965
28.07.2023;17:00:00;0,286;0;26.913;0.244;0;1265,82;289.513
28.07.2023;18:00:00;1,506;0;25.364;0.086;0;1035,1;106.193
28.07.2023;19:00:00;9,936;0;23.517;0;0;753,61;5.321
28.07.2023;20:00:00;0,336;0;22.316;0;0;436,31;0
28.07.2023;21:00:00;0,496;0;21.856;0;0;158,27;0
28.07.2023;22:00:00;0,425;0;21.708;0;0;195,1;0
28.07.2023;23:00:00;0,301;0;21.647;0;0;121,59;0
29.07.2023;00:00:00;0,256;0;21.609;0;0;93,3;0
29.07.2023;01:00:00;0,256;0;21.597;0;0;79,72;0
29.07.2023;02:00:00;0,256;0;21.614;0;0;81,06;0
29.07.2023;03:00:00;0,256;0;21.609;0;0;98,08;0
29.07.2023;04:00:00;0,256;0;21.692;0;0;125,8;0
29.07.2023;05:00:00;0,256;0;22.069;0.009;0;142,53;23.824
29.07.2023;06:00:00;0,28;0;23.718;0.148;0;150,75;165.074
29.07.2023;07:00:00;0,276;0;25.473;0.303;0;215,3;357.661
29.07.2023;08:00:00;4,386;0;26.758;0.434;0;521,69;550.431
29.07.2023;09:00:00;0,481;0;27.865;0.534;0;692,51;718.849
29.07.2023;10:00:00;0,781;1,393333333;28.648;0.605;0;1008,1;847.537
29.07.2023;11:00:00;0,781;0;29.146;0.645;0;1269,87;925.982
29.07.2023;12:00:00;5,536;0;29.410;0.653;0;1457,62;944.276
29.07.2023;13:00:00;0,73;0;29.637;0.632;0;1570,69;906.185
29.07.2023;14:00:00;0,256;0;29.732;0.579;0;1609,04;810.433
29.07.2023;15:00:00;0,451;0;29.602;0.500;0;1582,36;672.858
29.07.2023;16:00:00;0,386;0;29.099;0.387;0;1486,8;492.006
29.07.2023;17:00:00;0,276;0;28.173;0.247;0;1329,06;294.153
29.07.2023;18:00:00;7,536;0;26.764;0.088;0;1095,35;108.178
29.07.2023;19:00:00;0,736;1,393333333;24.847;0;0;802,19;5.240
29.07.2023;20:00:00;0,526;0;23.672;0;0;473,2;0
29.07.2023;21:00:00;1,036;0;23.152;0;0;186,71;0
29.07.2023;22:00:00;0,4;0;22.941;0;0;253,7;0
29.07.2023;23:00:00;0,256;0;22.838;0;0;210,4;0
30.07.2023;00:00:00;0,256;0;22.657;0;0;201,22;0
30.07.2023;01:00:00;0,256;0;22.505;0;0;203,61;0
30.07.2023;02:00:00;0,256;0;22.371;0;0;197,68;0
30.07.2023;03:00:00;0,256;0;22.235;0;0;190,8;0
30.07.2023;04:00:00;0,256;0;22.090;0;0;189,37;0
30.07.2023;05:00:00;0,261;0;22.181;0.011;0;192,14;24.805
30.07.2023;06:00:00;0,28;0;23.960;0.161;0;194,43;173.610
30.07.2023;07:00:00;1,281;0;25.879;0.316;0;244,58;372.682
30.07.2023;08:00:00;1,331;1,393333333;27.361;0.447;0;562,1;570.684
30.07.2023;09:00:00;4,676;0;28.458;0.548;0;764,54;744.122
30.07.2023;10:00:00;0,931;0;29.237;0.618;0;1081,72;876.060
30.07.2023;11:00:00;2,416;0;29.766;0.658;0;1346,19;956.001
30.07.2023;12:00:00;5,296;0;30.111;0.671;0;1536,45;983.246
30.07.2023;13:00:00;0,24;0;30.315;0.650;0;1657,87;944.881
30.07.2023;14:00:00;0,771;0;30.351;0.599;0;1715,44;849.456
30.07.2023;15:00:00;1,516;0;30.180;0.518;0;1686,48;703.633
30.07.2023;16:00:00;0,401;0;29.706;0.406;0;1582,33;519.299
30.07.2023;17:00:00;0,471;0;28.796;0.265;0;1411,3;314.555
30.07.2023;18:00:00;0,336;0;27.381;0.103;0;1174,84;118.181
30.07.2023;19:00:00;4,451;0;25.112;0;0;880,57;5.432
30.07.2023;20:00:00;3,526;0;23.834;0;0;553,65;0
30.07.2023;21:00:00;0,326;1,393333333;23.160;0;0;232,77;0
30.07.2023;22:00:00;0,93;0;22.745;0;0;295,19;0
30.07.2023;23:00:00;0,346;0;22.437;0;0;231,24;0
31.07.2023;00:00:00;0,256;0;22.244;0;0;194,72;0
31.07.2023;01:00:00;0,256;0;22.160;0;0;170,35;0
31.07.2023;02:00:00;0,256;0;22.118;0;0;154,48;0
31.07.2023;03:00:00;0,256;0;21.879;0;0;148,65;0
31.07.2023;04:00:00;0,256;0;21.471;0;0;146,35;0
31.07.2023;05:00:00;0,256;0;21.333;0.014;0;128,57;26.476
31.07.2023;06:00:00;0,26;0;23.017;0.178;0;98,84;185.291
31.07.2023;07:00:00;2,766;0;25.300;0.334;0;128,96;391.349
31.07.2023;08:00:00;3,506;0;27.203;0.462;0;457,5;592.916
31.07.2023;09:00:00;1,791;0;28.369;0.562;0;697,09;767.090
31.07.2023;10:00:00;0,256;0;29.317;0.630;0;1069,77;898.242
31.07.2023;11:00:00;5,361;0;30.055;0.667;0;1345,47;976.030
31.07.2023;12:00:00;0,286;0;30.667;0.675;0;1534,68;995.771
31.07.2023;13:00:00;0,725;0;31.121;0.652;0;1650,26;954.812
31.07.2023;14:00:00;7,941;0;31.244;0.600;0;1697,38;856.340
31.07.2023;15:00:00;0,736;0;31.099;0.518;0;1674,83;708.099
31.07.2023;16:00:00;0,976;0;30.595;0.404;0;1575,8;520.687
31.07.2023;17:00:00;0,286;0;29.692;0.263;0;1413,8;313.597
31.07.2023;18:00:00;1,506;0;28.309;0.099;0;1186,25;115.373
31.07.2023;19:00:00;9,936;0;25.853;0;0;901,84;4.923
31.07.2023;20:00:00;0,336;1,393333333;24.559;0;0;574,4;0
31.07.2023;21:00:00;0,896;1,393333333;23.666;0;0;244,54;0
31.07.2023;22:00:00;0,355;0;22.899;0;0;316,7;0
31.07.2023;23:00:00;0,301;0;22.214;0;0;249,69;0
01.08.2023;00:00:00;0,256;0;21.798;0;0;205,52;0
01.08.2023;01:00:00;0,256;0;21.627;0;0;168,53;0
01.08.2023;02:00:00;0,256;0;21.039;0;0;143,01;0
01.08.2023;03:00:00;0,256;0;20.364;0;0;125,89;0
01.08.2023;04:00:00;0,256;0;20.014;0;0;98,27;0
01.08.2023;05:00:00;0,256;0;20.137;0.013;0;46,65;26.135
01.08.2023;06:00:00;0,28;0;21.718;0.157;1,43;0;170.691
01.08.2023;07:00:00;1,856;0;23.099;0.243;0;24,83;290.666
01.08.2023;08:00:00;3,356;0;24.690;0.275;0;343,83;340.106
01.08.2023;09:00:00;1,331;1,393333333;26.455;0.385;0;636,06;490.214
01.08.2023;10:00:00;0,301;0;28.126;0.551;0;540,38;753.831
01.08.2023;11:00:00;0,301;0;29.465;0.647;0;771,04;933.306
01.08.2023;12:00:00;6,496;0;30.263;0.668;0;1102,23;979.006
01.08.2023;13:00:00;0,25;0;30.562;0.650;0;1474,37;946.303
01.08.2023;14:00:00;0,256;0;30.415;0.594;0;1658,12;841.034
01.08.2023;15:00:00;0,451;0;29.912;0.500;0;1686,1;674.031
01.08.2023;16:00:00;0,866;0;28.954;0.308;0;1763,74;388.551
01.08.2023;17:00:00;0,276;0;27.975;0.146;0;1399,65;187.792
01.08.2023;18:00:00;7,536;0;26.756;0.035;0;1085,57;59.813
01.08.2023;19:00:00;0,336;0;24.990;0;0;718,68;2.166
01.08.2023;20:00:00;0,366;1,393333333;23.581;0;0;488,5;0
01.08.2023;21:00:00;0,436;0;22.430;0;0;282,95;0
01.08.2023;22:00:00;0,44;0;21.560;0;0;360,38;0
01.08.2023;23:00:00;0,376;0;20.820;0;0;255,04;0
02.08.2023;00:00:00;0,256;0;20.337;0;0;160,88;0
02.08.2023;01:00:00;0,256;0;20.019;0;0;80,3;0
02.08.2023;02:00:00;0,256;0;19.667;0;0;18,07;0
02.08.2023;03:00:00;0,256;0;19.321;0;21,32;0;0
02.08.2023;04:00:00;0,256;0;18.898;0;60,89;0;0
02.08.2023;05:00:00;0,261;0;18.630;0.016;96,93;0;26.876
02.08.2023;06:00:00;0,31;0;19.563;0.187;139,56;0;189.224
02.08.2023;07:00:00;0,401;0;21.145;0.343;127,7;0;395.259
02.08.2023;08:00:00;1,301;1,393333333;22.996;0.471;0;132,99;593.197
02.08.2023;09:00:00;4,676;1,393333333;24.578;0.566;0;301,22;759.038
02.08.2023;10:00:00;0,931;0;25.932;0.633;0;658,46;886.470
02.08.2023;11:00:00;2,896;0;26.984;0.661;0;960,29;946.777
02.08.2023;12:00:00;4,816;0;27.635;0.661;0;1206,95;952.799
02.08.2023;13:00:00;0,72;0;27.883;0.633;0;1555,55;903.450
02.08.2023;14:00:00;0,291;0;27.806;0.586;0;1455,05;817.094
02.08.2023;15:00:00;1,516;0;27.377;0.506;0;1448,9;677.232
02.08.2023;16:00:00;0,401;0;26.596;0.396;0;1363,47;499.832
02.08.2023;17:00:00;0,471;0;25.497;0.258;0;1187,21;303.118
02.08.2023;18:00:00;0,816;0;24.129;0.094;0;944,28;109.968
02.08.2023;19:00:00;4,341;0;22.686;0;0;650,15;3.990
02.08.2023;20:00:00;3,466;0;21.637;0;0;331,13;0
02.08.2023;21:00:00;0,966;0;20.895;0;0;92,3;0
02.08.2023;22:00:00;0,35;0;20.398;0;0;161,17;0
02.08.2023;23:00:00;0,316;0;20.074;0;0;67,11;0
03.08.2023;00:00:00;0,256;0;19.853;0;8,41;0;0
03.08.2023;01:00:00;0,256;0;19.653;0;59,55;0;0
03.08.2023;02:00:00;0,256;0;19.415;0;93,78;0;0
03.08.2023;03:00:00;0,256;0;19.155;0;119,78;0;0
03.08.2023;04:00:00;0,256;0;18.700;0;146,45;0;0
03.08.2023;05:00:00;0,256;0;18.558;0.011;169,01;0;23.886
03.08.2023;06:00:00;0,26;0;19.843;0.172;191,95;0;177.790
03.08.2023;07:00:00;3,606;0;21.887;0.335;159,19;0;387.218
03.08.2023;08:00:00;4,046;0;24.063;0.464;0;123,48;587.581
03.08.2023;09:00:00;0,351;0;25.840;0.563;0;340,43;761.435
03.08.2023;10:00:00;0,736;1,393333333;27.115;0.632;0;762,62;893.114
03.08.2023;11:00:00;5,361;0;28.180;0.669;0;1095,67;971.962
03.08.2023;12:00:00;0,766;0;29.048;0.676;0;1328,71;991.404
03.08.2023;13:00:00;0,245;0;29.655;0.653;0;1481,11;950.898
03.08.2023;14:00:00;8,421;0;29.929;0.600;0;1552,34;853.226
03.08.2023;15:00:00;0,256;0;29.932;0.518;0;1537,58;706.219
03.08.2023;16:00:00;0,976;0;29.607;0.405;0;1616,22;521.222
03.08.2023;17:00:00;0,286;0;28.871;0.265;0;1266,77;315.781
03.08.2023;18:00:00;1,026;0;27.546;0.103;0;1037,8;116.793
03.08.2023;19:00:00;10,416;1,393333333;25.089;0;0;761,82;4.135
03.08.2023;20:00:00;0,496;0;23.636;0;0;452,76;0
03.08.2023;21:00:00;0,456;0;22.501;0;0;148,93;0
03.08.2023;22:00:00;0,965;0;21.633;0;0;224,26;0
03.08.2023;23:00:00;0,301;0;20.947;0;0;162,12;0
04.08.2023;00:00:00;0,256;0;20.445;0;0;119,39;0
04.08.2023;01:00:00;0,256;0;20.063;0;0;66,15;0
04.08.2023;02:00:00;0,256;0;19.777;0;0;20,84;0
04.08.2023;03:00:00;0,256;0;19.497;0;14,82;0;0
04.08.2023;04:00:00;0,256;0;19.183;0;43,4;0;0
04.08.2023;05:00:00;0,256;0;19.176;0.011;72,46;0;23.455
04.08.2023;06:00:00;0,28;0;20.677;0.175;106,3;0;180.154
04.08.2023;07:00:00;0,436;0;22.884;0.331;83,16;0;385.089
04.08.2023;08:00:00;3,846;1,393333333;25.766;0.458;0;221;585.608
04.08.2023;09:00:00;1,891;0;28.272;0.555;0;438,01;759.642
04.08.2023;10:00:00;0,301;0;29.968;0.621;0;878,11;891.534
04.08.2023;11:00:00;0,301;0;31.178;0.658;0;1246,88;970.547
04.08.2023;12:00:00;5,536;0;32.037;0.665;0;1506,86;990.599
04.08.2023;13:00:00;0,73;0;32.531;0.642;0;1674,12;949.575
04.08.2023;14:00:00;0,256;0;32.693;0.590;0;1751,36;850.918
04.08.2023;15:00:00;0,931;0;32.690;0.508;0;1919,09;703.032
04.08.2023;16:00:00;0,386;0;32.404;0.397;0;1641,85;518.869
04.08.2023;17:00:00;0,276;0;31.653;0.260;0;1481,83;314.696
04.08.2023;18:00:00;7,536;0;30.108;0.102;0;1267,27;116.328
04.08.2023;19:00:00;0,366;0;27.052;0;0;1003,14;3.924
04.08.2023;20:00:00;0,426;0;25.390;0;0;690,26;0
04.08.2023;21:00:00;0,836;1,393333333;24.135;0;0;357,07;0
04.08.2023;22:00:00;0,4;0;23.188;0;0;434,66;0
04.08.2023;23:00:00;0,286;0;22.554;0;0;346,9;0
05.08.2023;00:00:00;0,256;0;22.147;0;0;269,76;0
05.08.2023;01:00:00;0,256;0;21.839;0;0;211,26;0
05.08.2023;02:00:00;0,256;0;21.470;0;0;161,65;0
05.08.2023;03:00:00;0,256;0;20.999;0;0;119,78;0
05.08.2023;04:00:00;0,256;0;20.524;0;0;81,44;0
05.08.2023;05:00:00;0,261;0;20.380;0.011;0;42,44;23.679
05.08.2023;06:00:00;0,28;0;22.062;0.178;0;4,49;183.175
05.08.2023;07:00:00;1,801;0;24.059;0.330;0;29,08;387.426
05.08.2023;08:00:00;0,331;0;27.246;0.456;0;376,38;588.898
05.08.2023;09:00:00;5,586;0;30.038;0.552;0;605,98;763.917
05.08.2023;10:00:00;0,451;0;31.466;0.618;0;1092,42;895.396
05.08.2023;11:00:00;2,416;0;32.174;0.654;0;1425,18;970.908
05.08.2023;12:00:00;5,776;0;32.444;0.657;0;1622,52;979.864
05.08.2023;13:00:00;0,24;0;32.432;0.630;0;1723,97;928.740
05.08.2023;14:00:00;0,291;0;32.169;0.575;0;1919,59;823.586
05.08.2023;15:00:00;1,516;0;31.686;0.490;0;1679,99;671.597
05.08.2023;16:00:00;0,881;0;30.951;0.375;0;1546,2;485.312
05.08.2023;17:00:00;0,471;0;29.841;0.234;0;1356,59;283.905
05.08.2023;18:00:00;0,816;0;27.857;0.077;0;1115,08;97.189
05.08.2023;19:00:00;3,941;0;25.065;0;0;837,04;3.053
05.08.2023;20:00:00;3,426;1,393333333;23.643;0;0;512,77;0
05.08.2023;21:00:00;0,486;1,393333333;22.638;0;0;192,29;0
05.08.2023;22:00:00;0,36;0;21.727;0;0;261,54;0
05.08.2023;23:00:00;0,316;0;20.936;0;0;181,43;0
06.08.2023;00:00:00;0,256;0;20.287;0;0;95,69;0
06.08.2023;01:00:00;0,256;0;19.898;0;0;9,08;0
06.08.2023;02:00:00;0,256;0;19.733;0;54,68;0;0
06.08.2023;03:00:00;0,256;0;19.660;0;97,89;0;0
06.08.2023;04:00:00;0,256;0;19.592;0;112,42;0;0
06.08.2023;05:00:00;0,256;0;19.801;0.003;114,33;0;17.693
06.08.2023;06:00:00;0,26;0;21.071;0.137;106,68;0;152.516
06.08.2023;07:00:00;2,786;0;22.882;0.296;47,61;0;347.725
06.08.2023;08:00:00;4,016;0;24.415;0.413;0;233,75;521.421
06.08.2023;09:00:00;0,321;1,393333333;25.409;0.523;0;414,17;698.580
06.08.2023;10:00:00;0,736;0;26.362;0.603;0;722,94;841.344
06.08.2023;11:00:00;5,841;0;27.174;0.647;0;974,11;928.026
06.08.2023;12:00:00;0,286;0;27.667;0.660;0;1212,29;956.258
06.08.2023;13:00:00;0,725;0;27.781;0.639;0;1408,96;917.463
06.08.2023;14:00:00;7,941;0;27.583;0.586;0;1691,86;819.228
06.08.2023;15:00:00;0,256;0;27.245;0.500;0;1668,03;671.144
06.08.2023;16:00:00;0,976;0;26.587;0.384;0;1369,59;486.846
06.08.2023;17:00:00;0,286;0;25.484;0.242;0;1174,65;287.176
06.08.2023;18:00:00;1,506;0;23.952;0.081;0;902,2;98.797
06.08.2023;19:00:00;10,336;0;22.382;0;0;570,13;2.593
06.08.2023;20:00:00;0,376;1,393333333;21.596;0;0;215,98;0
06.08.2023;21:00:00;0,856;0;21.351;0;33,24;0;0
06.08.2023;22:00:00;0,445;0;21.296;0;0;54,39;0
06.08.2023;23:00:00;0,421;0;21.210;0;0;21,7;0
07.08.2023;00:00:00;0,256;0;21.005;0;0;17,21;0
07.08.2023;01:00:00;0,256;0;20.787;0;0;17,68;0
07.08.2023;02:00:00;0,256;0;20.679;0;0;5,26;0
07.08.2023;03:00:00;0,256;0;20.563;0;1,72;0;0
07.08.2023;04:00:00;0,256;0;20.411;0;2,68;0;0
07.08.2023;05:00:00;0,256;0;20.474;0.003;5,54;0;17.022
07.08.2023;06:00:00;0,31;0;21.930;0.136;16,82;0;152.284
07.08.2023;07:00:00;1,276;0;23.788;0.294;0;13,49;347.937
07.08.2023;08:00:00;4,296;1,393333333;25.287;0.424;0;309,59;539.670
07.08.2023;09:00:00;0,451;1,393333333;26.418;0.530;0;494,68;714.272
07.08.2023;10:00:00;0,781;0;27.397;0.605;0;830,05;851.091
07.08.2023;11:00:00;0,301;0;28.293;0.646;0;1085,64;933.217
07.08.2023;12:00:00;6,016;0;29.107;0.652;0;1312,3;951.169
07.08.2023;13:00:00;0,25;0;29.802;0.629;0;1463,52;911.577
07.08.2023;14:00:00;0,736;0;30.350;0.574;0;1722,4;814.927
07.08.2023;15:00:00;0,451;0;30.618;0.491;0;1548,09;671.097
07.08.2023;16:00:00;0,386;0;30.484;0.377;0;1479,68;488.202
07.08.2023;17:00:00;0,276;0;29.881;0.236;0;1341,83;286.661
07.08.2023;18:00:00;7,056;0;28.618;0.077;0;1131,84;97.011
07.08.2023;19:00:00;0,816;0;26.181;0;0;863,61;2.372
07.08.2023;20:00:00;0,406;0;25.013;0;0;550,01;0
07.08.2023;21:00:00;0,516;0;24.251;0;0;240,16;0
07.08.2023;22:00:00;0,86;0;23.618;0;0;314,21;0
07.08.2023;23:00:00;0,256;0;22.993;0;0;259,53;0
08.08.2023;00:00:00;0,256;0;22.329;0;0;217,95;0
08.08.2023;01:00:00;0,256;0;21.765;0;0;173,88;0
08.08.2023;02:00:00;0,256;0;21.333;0;0;123,7;0
08.08.2023;03:00:00;0,256;0;20.979;0;0;74,85;0
08.08.2023;04:00:00;0,256;0;20.697;0;0;30,78;0
08.08.2023;05:00:00;0,261;0;20.632;0.004;4,3;0;18.098
08.08.2023;06:00:00;0,28;0;22.092;0.155;26,57;0;165.571
08.08.2023;07:00:00;0,321;0;24.169;0.313;3,05;0;369.917
08.08.2023;08:00:00;0,911;0;27.543;0.441;0;306,63;571.706
08.08.2023;09:00:00;6,146;0;30.400;0.538;0;724,14;747.032
08.08.2023;10:00:00;0,451;1,393333333;32.262;0.604;0;1038,09;879.420
08.08.2023;11:00:00;2,416;0;33.457;0.641;0;1428,84;958.707
08.08.2023;12:00:00;4,816;0;34.113;0.647;0;1868,53;975.211
08.08.2023;13:00:00;0,72;0;34.271;0.626;0;1847,72;935.255
08.08.2023;14:00:00;0,291;0;34.125;0.575;0;1900,5;837.617
08.08.2023;15:00:00;1,996;0;33.727;0.495;0;1858,05;690.815
08.08.2023;16:00:00;0,401;0;32.900;0.385;0;1726,02;506.129
08.08.2023;17:00:00;0,471;0;31.598;0.247;0;1529,07;301.362
08.08.2023;18:00:00;0,816;0;29.092;0.088;0;1267,95;104.451
08.08.2023;19:00:00;3,941;1,393333333;25.717;0;0;948,08;2.342
08.08.2023;20:00:00;3,546;0;24.203;0;0;547,26;0
08.08.2023;21:00:00;0,886;0;23.256;0;0;177,23;0
08.08.2023;22:00:00;0,41;0;22.495;0;0;219,86;0
08.08.2023;23:00:00;0,316;0;21.668;0;0;132,4;0
09.08.2023;00:00:00;0,256;0;20.947;0;0;72,55;0
09.08.2023;01:00:00;0,256;0;20.482;0;0;22,85;0
09.08.2023;02:00:00;0,256;0;20.148;0;16,73;0;0
09.08.2023;03:00:00;0,256;0;19.866;0;46,94;0;0
09.08.2023;04:00:00;0,256;0;19.634;0;62,99;0;0
09.08.2023;05:00:00;0,256;0;19.629;0.004;68,25;0;17.548
09.08.2023;06:00:00;0,26;0;21.007;0.155;66,91;0;164.717
09.08.2023;07:00:00;4,366;0;22.969;0.312;32,58;0;367.385
09.08.2023;08:00:00;2,986;1,393333333;25.407;0.441;0;248,83;565.861
09.08.2023;09:00:00;1,201;0;26.954;0.535;0;495;727.384
09.08.2023;10:00:00;0,256;0;27.928;0.604;0;907,66;856.257
09.08.2023;11:00:00;5,361;0;28.665;0.642;0;1356,84;932.518
09.08.2023;12:00:00;1,246;0;29.252;0.653;0;1376;957.328
09.08.2023;13:00:00;0,245;0;29.672;0.630;0;1507,18;915.581
09.08.2023;14:00:00;7,941;0;29.896;0.575;0;1571,22;816.772
09.08.2023;15:00:00;0,256;0;29.900;0.485;0;1551,73;660.327
09.08.2023;16:00:00;1,456;0;29.649;0.370;0;1453,87;478.185
09.08.2023;17:00:00;0,286;0;29.035;0.230;0;1283,12;279.166
09.08.2023;18:00:00;1,506;0;27.887;0.073;0;1068,19;92.627
09.08.2023;19:00:00;9,966;0;25.610;0;0;804,91;1.883
09.08.2023;20:00:00;0,396;0;24.355;0;0;510,78;0
09.08.2023;21:00:00;0,376;1,393333333;23.471;0;0;229,17;0
09.08.2023;22:00:00;0,485;0;22.859;0;0;292,22;0
09.08.2023;23:00:00;0,331;0;22.461;0;0;213,84;0
10.08.2023;00:00:00;0,256;0;22.259;0;0;161,55;0
10.08.2023;01:00:00;0,256;0;22.108;0;0;127,52;0
10.08.2023;02:00:00;0,256;0;21.999;0;0;105,92;0
10.08.2023;03:00:00;0,256;0;21.738;0;0;91,48;0
10.08.2023;04:00:00;0,256;0;21.378;0;0;81,44;0
10.08.2023;05:00:00;0,256;0;21.212;0.003;0;63;16.418
10.08.2023;06:00:00;0,28;0;22.581;0.151;0;39;162.546
10.08.2023;07:00:00;0,276;0;24.637;0.310;0;52,44;368.006
10.08.2023;08:00:00;4,326;0;27.906;0.438;0;361,46;571.080
10.08.2023;09:00:00;0,481;0;30.401;0.537;0;585,87;747.675
10.08.2023;10:00:00;0,781;0;31.909;0.605;0;1043,89;881.346
10.08.2023;11:00:00;0,781;0;32.871;0.643;0;1423,81;961.984
10.08.2023;12:00:00;5,536;0;33.505;0.642;0;1680,8;966.105
10.08.2023;13:00:00;0,73;0;33.932;0.622;0;1835,18;929.213
10.08.2023;14:00:00;0,256;0;34.137;0.572;0;1873,08;834.799
10.08.2023;15:00:00;0,451;0;33.985;0.486;0;1857,29;679.871
10.08.2023;16:00:00;0,386;0;33.477;0.376;0;1949,92;497.708
10.08.2023;17:00:00;0,276;0;32.563;0.240;0;1593,47;295.400
10.08.2023;18:00:00;7,536;0;30.528;0.083;0;1540,98;100.272
10.08.2023;19:00:00;0,736;0;27.261;0;0;1080,33;1.826
10.08.2023;20:00:00;0,406;1,393333333;25.689;0;0;714,57;0
10.08.2023;21:00:00;1,036;1,393333333;24.578;0;0;361,93;0
10.08.2023;22:00:00;0,31;0;23.795;0;0;430,16;0
10.08.2023;23:00:00;0,256;0;23.217;0;0;353,21;0
11.08.2023;00:00:00;0,256;0;22.757;0;0;296,05;0
11.08.2023;01:00:00;0,256;0;22.430;0;0;248,06;0
11.08.2023;02:00:00;0,256;0;22.196;0;0;208,1;0
11.08.2023;03:00:00;0,256;0;21.960;0;0;177,99;0
11.08.2023;04:00:00;0,256;0;21.650;0;0;152,37;0
11.08.2023;05:00:00;0,261;0;21.432;0.002;0;121,69;15.476
11.08.2023;06:00:00;0,28;0;23.086;0.146;0;80,78;158.338
11.08.2023;07:00:00;1,221;0;25.079;0.303;0;80,5;361.444
11.08.2023;08:00:00;1,361;0;28.843;0.429;0;395,83;562.197
11.08.2023;09:00:00;4,676;1,393333333;31.354;0.526;0;615,27;734.622
11.08.2023;10:00:00;0,931;0;32.295;0.594;0;1141,31;865.227
11.08.2023;11:00:00;2,416;0;32.830;0.632;0;1466,13;942.416
11.08.2023;12:00:00;5,296;0;33.272;0.638;0;1652,11;956.536
11.08.2023;13:00:00;0,24;0;33.613;0.616;0;1759,07;917.300
11.08.2023;14:00:00;0,771;0;33.743;0.564;0;1795,29;819.909
11.08.2023;15:00:00;1,516;0;33.608;0.482;0;1772,85;672.845
11.08.2023;16:00:00;0,401;0;33.052;0.372;0;1682,37;490.766
11.08.2023;17:00:00;0,471;0;32.047;0.234;0;1522,63;288.416
11.08.2023;18:00:00;0,336;0;30.094;0.077;0;1291,97;95.078
11.08.2023;19:00:00;4,421;0;26.972;0;0;1005,73;1.494
11.08.2023;20:00:00;3,466;1,393333333;25.510;0;0;651;0
11.08.2023;21:00:00;0,326;0;24.514;0;0;308,82;0
11.08.2023;22:00:00;0,93;0;23.910;0;0;372,81;0
11.08.2023;23:00:00;0,436;0;23.403;0;0;298,82;0
12.08.2023;00:00:00;0,256;0;22.925;0;0;267,08;0
12.08.2023;01:00:00;0,256;0;22.545;0;0;234,77;0
12.08.2023;02:00:00;0,256;0;22.309;0;0;206,57;0
12.08.2023;03:00:00;0,256;0;22.114;0;0;186,79;0
12.08.2023;04:00:00;0,256;0;21.895;0;0;172,26;0
12.08.2023;05:00:00;0,256;0;21.825;0.001;0;152,66;14.930
12.08.2023;06:00:00;0,29;0;23.498;0.146;0;127,62;158.978
12.08.2023;07:00:00;2,886;0;25.351;0.304;0;146,49;364.532
12.08.2023;08:00:00;3,476;1,393333333;28.513;0.433;0;483,92;567.471
12.08.2023;09:00:00;1,761;1,393333333;31.224;0.530;0;710,07;742.308
12.08.2023;10:00:00;0,256;0;32.815;0.596;0;1158,07;872.693
12.08.2023;11:00:00;5,361;0;33.913;0.631;0;1493,38;948.833
12.08.2023;12:00:00;0,286;0;34.533;0.636;0;1748,57;962.371
12.08.2023;13:00:00;0,725;0;34.922;0.613;0;1908,45;921.502
12.08.2023;14:00:00;7,941;0;35.049;0.561;0;1955,5;822.411
12.08.2023;15:00:00;0,736;0;34.847;0.471;0;1933,87;660.798
12.08.2023;16:00:00;0,976;0;34.135;0.358;0;1838,14;475.336
12.08.2023;17:00:00;0,286;0;32.856;0.220;0;1665,1;273.679
12.08.2023;18:00:00;1,506;0;30.483;0.065;0;1423,13;85.888
12.08.2023;19:00:00;9,936;0;27.348;0;0;1120,36;1.197
12.08.2023;20:00:00;0,336;0;25.871;0;0;727,22;0
12.08.2023;21:00:00;0,896;0;24.613;0;0;380,55;0
12.08.2023;22:00:00;0,385;0;23.614;0;0;470,03;0
12.08.2023;23:00:00;0,301;0;22.904;0;0;396,52;0
13.08.2023;00:00:00;0,256;0;22.354;0;0;336,68;0
13.08.2023;01:00:00;0,256;0;21.890;0;0;293,85;0
13.08.2023;02:00:00;0,256;0;21.512;0;0;255,14;0
13.08.2023;03:00:00;0,256;0;21.170;0;0;222,35;0
13.08.2023;04:00:00;0,256;0;20.806;0;0;185,83;0
13.08.2023;05:00:00;0,256;0;20.590;0;0;145,97;13.232
13.08.2023;06:00:00;0,28;0;22.160;0.137;0;99,22;151.781
13.08.2023;07:00:00;1,796;0;24.090;0.299;0;89,01;356.724
13.08.2023;08:00:00;3,386;0;27.159;0.430;0;385,25;559.130
13.08.2023;09:00:00;1,361;0;29.514;0.523;0;606,62;724.163
13.08.2023;10:00:00;0,301;1,393333333;30.890;0.574;0;1237,12;821.776
13.08.2023;11:00:00;0,301;0;31.819;0.586;0;1392,3;850.720
13.08.2023;12:00:00;6,496;0;32.505;0.570;0;1625,27;823.478
13.08.2023;13:00:00;0,25;0;33.032;0.562;0;1756,21;812.220
13.08.2023;14:00:00;0,256;0;33.150;0.518;0;1932,25;735.123
13.08.2023;15:00:00;0,451;0;32.843;0.436;0;1740,23;597.202
13.08.2023;16:00:00;0,866;0;32.092;0.315;0;1862,09;410.258
13.08.2023;17:00:00;0,276;0;30.816;0.147;0;1520,16;192.145
13.08.2023;18:00:00;7,536;0;29.109;0.019;0;1270,79;41.959
13.08.2023;19:00:00;0,336;1,393333333;27.221;0;0;975,3;0.427
13.08.2023;20:00:00;0,486;0;25.985;0;0;674,67;0
13.08.2023;21:00:00;0,556;0;25.007;0;0;457,31;0
13.08.2023;22:00:00;0,44;0;24.268;0;0;547,55;0
13.08.2023;23:00:00;0,256;0;23.571;0;0;484,46;0
14.08.2023;00:00:00;0,256;0;22.948;0;0;433,8;0
14.08.2023;01:00:00;0,256;0;22.481;0;0;378,45;0
14.08.2023;02:00:00;0,256;0;22.139;0;0;314,4;0
14.08.2023;03:00:00;0,256;0;21.769;0;0;256,47;0
14.08.2023;04:00:00;0,256;0;21.352;0;0;205,05;0
14.08.2023;05:00:00;0,261;0;21.121;0;0;164,23;12.511
14.08.2023;06:00:00;0,28;0;22.931;0.133;0;122,17;148.253
14.08.2023;07:00:00;0,401;0;25.010;0.289;0;115,13;348.040
14.08.2023;08:00:00;1,331;1,393333333;27.986;0.423;0;427,77;553.331
14.08.2023;09:00:00;4,676;0;30.564;0.524;0;643,91;732.484
14.08.2023;10:00:00;0,931;0;32.426;0.593;0;1104,87;868.758
14.08.2023;11:00:00;2,896;0;33.773;0.631;0;1504,87;951.048
14.08.2023;12:00:00;4,816;0;34.661;0.633;0;1783,67;961.611
14.08.2023;13:00:00;0,72;0;35.256;0.614;0;1945,11;927.178
14.08.2023;14:00:00;0,291;0;35.486;0.564;0;1997,34;832.937
14.08.2023;15:00:00;1,516;0;35.253;0.478;0;2169,68;676.633
14.08.2023;16:00:00;0,401;0;34.512;0.365;0;1908,05;487.481
14.08.2023;17:00:00;0,471;0;33.217;0.224;0;1729,33;279.661
14.08.2023;18:00:00;0,816;0;30.633;0.066;0;1466,59;85.815
14.08.2023;19:00:00;4,371;0;27.356;0;0;1143,16;0.888
14.08.2023;20:00:00;3,526;0;25.809;0;0;720,67;0
14.08.2023;21:00:00;0,846;1,393333333;24.675;0;0;372,14;0
14.08.2023;22:00:00;0,41;0;23.765;0;0;446,13;0
14.08.2023;23:00:00;0,346;0;22.833;0;0;371,38;0
15.08.2023;00:00:00;0,256;0;21.923;0;0;313,83;0
15.08.2023;01:00:00;0,256;0;21.292;0;0;256,57;0
15.08.2023;02:00:00;0,256;0;20.917;0;0;192,14;0
15.08.2023;03:00:00;0,256;0;20.708;0;0;132,49;0
15.08.2023;04:00:00;0,256;0;20.444;0;0;92,34;0
15.08.2023;05:00:00;0,256;0;20.302;0;0;65,29;11.491
15.08.2023;06:00:00;0,26;0;21.633;0.130;0;40,82;145.041
15.08.2023;07:00:00;3,606;0;23.896;0.292;0;42,29;349.491
15.08.2023;08:00:00;3,986;0;26.910;0.425;0;321,69;554.515
15.08.2023;09:00:00;0,351;0;29.251;0.528;0;544,68;734.610
15.08.2023;10:00:00;0,736;0;30.928;0.598;0;995,83;870.236
15.08.2023;11:00:00;5,361;0;32.122;0.636;0;1549,95;950.690
15.08.2023;12:00:00;0,766;0;32.838;0.637;0;1649,9;959.455
15.08.2023;13:00:00;0,245;0;33.117;0.613;0;1833,19;914.541
15.08.2023;14:00:00;8,421;0;33.027;0.557;0;1911,13;808.881
15.08.2023;15:00:00;0,256;0;32.593;0.469;0;1907,33;653.508
15.08.2023;16:00:00;0,976;0;31.757;0.353;0;1814,13;464.676
15.08.2023;17:00:00;0,286;0;30.464;0.211;0;1634,08;262.318
15.08.2023;18:00:00;1,026;0;28.601;0.057;0;1381,11;77.782
15.08.2023;19:00:00;10,416;0;26.277;0;0;1074,52;0.665
15.08.2023;20:00:00;0,376;1,393333333;24.688;0;0;724,04;0
15.08.2023;21:00:00;0,456;1,393333333;23.511;0;0;424,91;0
15.08.2023;22:00:00;0,875;0;22.684;0;0;491,34;0
15.08.2023;23:00:00;0,301;0;22.107;0;0;387,53;0
16.08.2023;00:00:00;0,256;0;21.771;0;0;296,14;0
16.08.2023;01:00:00;0,256;0;21.540;0;0;223,3;0
16.08.2023;02:00:00;0,256;0;21.298;0;0;169,29;0
16.08.2023;03:00:00;0,256;0;20.963;0;0;130,77;0
16.08.2023;04:00:00;0,256;0;20.568;0;0;101,9;0
16.08.2023;05:00:00;0,256;0;20.364;0;0;71,31;11.298
16.08.2023;06:00:00;0,28;0;21.614;0.134;0;38,05;147.648
16.08.2023;07:00:00;0,376;0;23.937;0.292;0;30,36;350.191
16.08.2023;08:00:00;3,876;0;26.845;0.421;0;271,2;550.048
16.08.2023;09:00:00;1,891;1,393333333;28.987;0.520;0;684,8;722.329
16.08.2023;10:00:00;0,301;0;30.701;0.587;0;939,35;851.350
16.08.2023;11:00:00;0,301;0;32.027;0.624;0;1293,91;929.565
16.08.2023;12:00:00;5,536;0;32.951;0.629;0;1762,27;946.500
16.08.2023;13:00:00;0,73;0;33.549;0.608;0;1773,19;908.835
16.08.2023;14:00:00;0,256;0;33.777;0.556;0;2038,34;812.398
16.08.2023;15:00:00;0,931;0;33.611;0.466;0;1859,32;652.703
16.08.2023;16:00:00;0,386;0;33.039;0.352;0;1958,62;467.794
16.08.2023;17:00:00;0,276;0;31.921;0.211;0;1606,51;264.454
16.08.2023;18:00:00;7,536;0;29.992;0.057;0;1386,01;77.680
16.08.2023;19:00:00;0,336;0;27.366;0;0;1111,23;0.510
16.08.2023;20:00:00;0,366;1,393333333;25.723;0;0;779,75;0
16.08.2023;21:00:00;0,836;0;24.326;0;0;492,87;0
16.08.2023;22:00:00;0,4;0;23.259;0;0;561,79;0
16.08.2023;23:00:00;0,376;0;22.473;0;0;459,7;0
17.08.2023;00:00:00;0,256;0;21.882;0;0;367,93;0
17.08.2023;01:00:00;0,256;0;21.459;0;0;289,64;0
17.08.2023;02:00:00;0,256;0;21.119;0;0;225,41;0
17.08.2023;03:00:00;0,256;0;20.793;0;0;167;0
17.08.2023;04:00:00;0,256;0;20.490;0;0;114,14;0
17.08.2023;05:00:00;0,261;0;20.314;0;0;66,82;10.172
17.08.2023;06:00:00;0,31;0;21.589;0.129;0;24,85;143.580
17.08.2023;07:00:00;1,921;0;23.440;0.290;0;15,57;347.888
17.08.2023;08:00:00;0,301;1,393333333;25.852;0.424;0;278,27;551.784
17.08.2023;09:00:00;5,556;1,393333333;27.876;0.526;0;485,4;728.124
17.08.2023;10:00:00;0,451;0;29.279;0.596;0;1080,73;861.660
17.08.2023;11:00:00;2,416;0;30.301;0.634;0;1235,42;939.684
17.08.2023;12:00:00;5,776;0;30.984;0.634;0;1483,79;943.958
17.08.2023;13:00:00;0,24;0;31.351;0.612;0;1644,26;904.374
17.08.2023;14:00:00;0,291;0;31.343;0.554;0;1873,67;797.178
17.08.2023;15:00:00;1,516;0;30.994;0.465;0;1862,59;641.882
17.08.2023;16:00:00;0,881;0;30.222;0.334;0;1763,16;435.297
17.08.2023;17:00:00;0,471;0;29.011;0.168;0;1574,07;213.155
17.08.2023;18:00:00;0,816;0;27.434;0.038;0;1136,09;60.895
17.08.2023;19:00:00;3,941;0;25.469;0;0;818,71;0.301
17.08.2023;20:00:00;3,426;0;24.481;0;0;513,58;0
17.08.2023;21:00:00;0,486;0;23.770;0;0;276,26;0
17.08.2023;22:00:00;0,39;0;22.996;0;0;365,45;0
17.08.2023;23:00:00;0,316;0;22.135;0;0;298,63;0
18.08.2023;00:00:00;0,256;0;21.369;0;0;234,39;0
18.08.2023;01:00:00;0,256;0;20.718;0;0;164,51;0
18.08.2023;02:00:00;0,256;0;20.129;0;0;95,11;0
18.08.2023;03:00:00;0,256;0;19.635;0;0;39,1;0
18.08.2023;04:00:00;0,256;0;19.191;0;8,51;0;0
18.08.2023;05:00:00;0,256;0;18.827;0;52,29;0;10.328
18.08.2023;06:00:00;0,26;0;19.814;0.128;92,34;0;142.291
18.08.2023;07:00:00;2,726;0;21.642;0.254;110,16;0;305.780
18.08.2023;08:00:00;4,046;0;23.557;0.334;0;125,44;420.195
18.08.2023;09:00:00;0,351;0;24.694;0.362;0;327,02;461.272
18.08.2023;10:00:00;0,736;1,393333333;25.833;0.413;0;652,87;536.695
18.08.2023;11:00:00;5,841;0;27.661;0.532;0;809,67;735.383
18.08.2023;12:00:00;0,286;0;29.522;0.621;0;1079,74;911.186
18.08.2023;13:00:00;0,725;0;30.930;0.629;0;1069,74;935.136
18.08.2023;14:00:00;7,941;0;31.732;0.579;0;1382,44;845.422
18.08.2023;15:00:00;0,256;0;31.865;0.489;0;1799,58;685.984
18.08.2023;16:00:00;0,976;0;31.579;0.372;0;1619,36;493.262
18.08.2023;17:00:00;0,286;0;30.832;0.226;0;1460,56;280.705
18.08.2023;18:00:00;1,506;0;28.351;0.055;0;1228,94;74.794
18.08.2023;19:00:00;10,336;1,393333333;25.700;0;0;943,01;0.264
18.08.2023;20:00:00;0,496;0;24.768;0;0;530,61;0
18.08.2023;21:00:00;0,976;0;24.162;0;0;233,91;0
18.08.2023;22:00:00;0,445;0;23.277;0;0;362,1;0
18.08.2023;23:00:00;0,301;0;22.369;0;0;338,87;0
19.08.2023;00:00:00;0,256;0;21.732;0;0;253,61;0
19.08.2023;01:00:00;0,256;0;21.127;0;0;144,63;0
19.08.2023;02:00:00;0,256;0;20.202;0;0;44,74;0
19.08.2023;03:00:00;0,256;0;19.364;0;29,35;0;0
19.08.2023;04:00:00;0,256;0;18.813;0;68,54;0;0
19.08.2023;05:00:00;0,256;0;18.831;0;126,85;0;8.314
19.08.2023;06:00:00;0,28;0;20.522;0.112;156,29;0;129.570
19.08.2023;07:00:00;1,276;0;22.579;0.265;119,22;0;319.337
19.08.2023;08:00:00;4,326;1,393333333;24.635;0.399;0;160,68;515.982
19.08.2023;09:00:00;0,451;0;26.203;0.510;0;356,08;697.895
19.08.2023;10:00:00;0,781;0;27.291;0.594;0;737,66;851.039
19.08.2023;11:00:00;0,301;0;28.046;0.636;0;1066,55;932.346
19.08.2023;12:00:00;6,016;0;28.505;0.644;0;1306,02;951.359
19.08.2023;13:00:00;0,25;0;28.718;0.621;0;1448,63;909.201
19.08.2023;14:00:00;0,736;0;28.661;0.566;0;1499,28;808.825
19.08.2023;15:00:00;0,451;0;28.402;0.478;0;1468,87;656.745
19.08.2023;16:00:00;0,386;0;27.881;0.360;0;1354,83;469.000
19.08.2023;17:00:00;0,276;0;26.962;0.214;0;1169,81;262.807
19.08.2023;18:00:00;7,056;0;25.319;0.055;0;931,83;73.434
19.08.2023;19:00:00;0,846;0;23.388;0;0;646,01;0.190
19.08.2023;20:00:00;0,466;0;22.481;0;0;316,85;0
19.08.2023;21:00:00;0,396;1,393333333;21.988;0;0;70,45;0
19.08.2023;22:00:00;0,92;0;21.683;0;0;139,76;0
19.08.2023;23:00:00;0,286;0;21.499;0;0;86,7;0
20.08.2023;00:00:00;0,256;0;21.344;0;0;58,6;0
20.08.2023;01:00:00;0,256;0;21.165;0;0;40,15;0
20.08.2023;02:00:00;0,256;0;20.983;0;0;33,08;0
20.08.2023;03:00:00;0,256;0;20.744;0;0;23,04;0
20.08.2023;04:00:00;0,256;0;20.484;0;0;6,6;0
20.08.2023;05:00:00;0,261;0;20.299;0;20,36;0;7.071
20.08.2023;06:00:00;0,28;0;21.164;0.106;42,35;0;124.944
20.08.2023;07:00:00;0,321;0;22.711;0.272;45,43;0;328.661
20.08.2023;08:00:00;0,851;0;24.580;0.413;0;180,45;536.179
20.08.2023;09:00:00;6,146;0;26.078;0.519;0;537,5;714.030
20.08.2023;10:00:00;0,451;0;27.017;0.592;0;756,21;848.131
20.08.2023;11:00:00;2,416;0;27.701;0.634;0;1088,37;928.999
20.08.2023;12:00:00;4,816;0;28.143;0.645;0;1316,13;954.198
20.08.2023;13:00:00;0,72;0;28.384;0.623;0;1464,09;913.646
20.08.2023;14:00:00;0,291;0;28.490;0.569;0;1531,89;814.837
20.08.2023;15:00:00;1,996;0;28.450;0.482;0;1509,4;665.431
20.08.2023;16:00:00;0,401;0;28.203;0.366;0;1409,3;478.435
20.08.2023;17:00:00;0,471;0;27.616;0.221;0;1244,79;271.399
20.08.2023;18:00:00;0,816;0;26.268;0.060;0;1028,6;76.930
20.08.2023;19:00:00;3,941;0;24.218;0;0;769,58;0.126
20.08.2023;20:00:00;3,426;1,393333333;23.010;0;0;454,22;0
20.08.2023;21:00:00;0,886;1,393333333;22.311;0;0;182,1;0
20.08.2023;22:00:00;0,32;0;21.926;0;0;257,43;0
20.08.2023;23:00:00;0,316;0;21.582;0;0;183,44;0
21.08.2023;00:00:00;0,256;0;21.168;0;0;128,09;0
21.08.2023;01:00:00;0,256;0;20.737;0;0;77,14;0
21.08.2023;02:00:00;0,256;0;20.400;0;0;30,49;0
21.08.2023;03:00:00;0,256;0;20.120;0;1,62;0;0
21.08.2023;04:00:00;0,256;0;19.899;0;19,98;0;0
21.08.2023;05:00:00;0,256;0;19.822;0;30,21;0;7.767
21.08.2023;06:00:00;0,26;0;21.472;0.124;36,23;0;138.759
21.08.2023;07:00:00;4,306;0;23.570;0.284;15,84;0;344.468
21.08.2023;08:00:00;3,016;0;26.509;0.416;0;277,16;548.863
21.08.2023;09:00:00;1,201;1,393333333;28.312;0.519;0;518,05;726.598
21.08.2023;10:00:00;0,256;0;29.231;0.592;0;976,13;860.932
21.08.2023;11:00:00;5,361;0;29.794;0.632;0;1299,95;941.040
21.08.2023;12:00:00;1,246;0;30.125;0.637;0;1500,85;952.026
21.08.2023;13:00:00;0,245;0;30.261;0.614;0;1631,59;909.020
21.08.2023;14:00:00;7,941;0;30.174;0.558;0;1849,25;807.145
21.08.2023;15:00:00;0,256;0;29.989;0.473;0;1632,06;657.866
21.08.2023;16:00:00;1,456;0;29.580;0.356;0;1516,1;469.010
21.08.2023;17:00:00;0,286;0;28.833;0.211;0;1342,32;261.904
21.08.2023;18:00:00;1,506;0;27.192;0.053;0;1108,01;71.055
21.08.2023;19:00:00;9,936;0;24.951;0;0;828,75;0.073
21.08.2023;20:00:00;0,336;1,393333333;23.940;0;0;489,95;0
21.08.2023;21:00:00;0,376;0;23.270;0;0;217,18;0
21.08.2023;22:00:00;0,485;0;22.959;0;0;304,27;0
21.08.2023;23:00:00;0,421;0;22.777;0;0;240,61;0
22.08.2023;00:00:00;0,256;0;22.596;0;0;210,49;0
22.08.2023;01:00:00;0,256;0;22.398;0;0;198,45;0
22.08.2023;02:00:00;0,256;0;22.208;0;0;191,28;0
22.08.2023;03:00:00;0,256;0;21.926;0;0;182,39;0
22.08.2023;04:00:00;0,256;0;21.572;0;0;176,65;0
22.08.2023;05:00:00;0,256;0;21.302;0;0;158,11;6.706
22.08.2023;06:00:00;0,31;0;22.688;0.115;0;130,77;131.472
22.08.2023;07:00:00;0,396;0;24.546;0.273;0;119,56;334.912
22.08.2023;08:00:00;4,296;1,393333333;26.630;0.408;0;359,43;538.620
22.08.2023;09:00:00;0,451;1,393333333;28.240;0.512;0;557,97;716.376
22.08.2023;10:00:00;0,781;0;29.215;0.585;0;944,04;851.395
22.08.2023;11:00:00;0,781;0;29.790;0.627;0;1276,93;932.236
22.08.2023;12:00:00;5,536;0;30.209;0.636;0;1679,41;952.856
22.08.2023;13:00:00;0,73;0;30.478;0.613;0;1622,93;911.667
22.08.2023;14:00:00;0,256;0;30.478;0.559;0;1672,46;811.516
22.08.2023;15:00:00;0,451;0;30.344;0.473;0;1828,02;660.496
22.08.2023;16:00:00;0,386;0;29.938;0.356;0;1540,49;471.636
22.08.2023;17:00:00;0,276;0;29.168;0.212;0;1368,68;263.666
22.08.2023;18:00:00;7,536;0;27.456;0.053;0;1133,38;70.919
22.08.2023;19:00:00;0,736;0;25.166;0;0;850,1;0.039
22.08.2023;20:00:00;0,406;0;24.188;0;0;511,09;0
22.08.2023;21:00:00;1,036;0;23.629;0;0;236,3;0
22.08.2023;22:00:00;0,34;0;23.331;0;0;329,89;0
22.08.2023;23:00:00;0,256;0;23.110;0;0;275,02;0
23.08.2023;00:00:00;0,256;0;22.830;0;0;244,91;0
23.08.2023;01:00:00;0,256;0;22.528;0;0;227,8;0
23.08.2023;02:00:00;0,256;0;22.331;0;0;210,21;0
23.08.2023;03:00:00;0,256;0;22.111;0;0;192,04;0
23.08.2023;04:00:00;0,256;0;21.849;0;0;181,15;0
23.08.2023;05:00:00;0,261;0;21.668;0;0;168,34;6.312
23.08.2023;06:00:00;0,28;0;23.053;0.116;0;149,98;132.272
23.08.2023;07:00:00;1,161;0;25.077;0.274;0;148,48;337.869
23.08.2023;08:00:00;1,391;0;27.976;0.407;0;401,36;543.292
23.08.2023;09:00:00;4,706;0;29.974;0.510;0;813,81;722.570
23.08.2023;10:00:00;0,931;1,393333333;30.684;0.584;0;1103,83;858.409
23.08.2023;11:00:00;2,416;0;31.071;0.625;0;1439,38;939.304
23.08.2023;12:00:00;5,296;0;31.274;0.631;0;1623,22;952.820
23.08.2023;13:00:00;0,24;0;31.191;0.609;0;1742,4;910.430
23.08.2023;14:00:00;0,771;0;31.006;0.555;0;1776,27;809.376
23.08.2023;15:00:00;1,516;0;30.845;0.470;0;1902,32;659.833
23.08.2023;16:00:00;0,401;0;30.486;0.353;0;1591,25;470.717
23.08.2023;17:00:00;0,471;0;29.719;0.209;0;1413,52;262.180
23.08.2023;18:00:00;0,336;0;27.975;0.052;0;1182,16;69.072
23.08.2023;19:00:00;4,421;1,393333333;25.631;0;0;902,68;0.017
23.08.2023;20:00:00;3,586;0;24.917;0;0;551,98;0
23.08.2023;21:00:00;0,446;0;24.670;0;0;302,55;0
23.08.2023;22:00:00;0,93;0;24.669;0;0;442,4;0
23.08.2023;23:00:00;0,316;0;24.753;0;0;424,24;0
24.08.2023;00:00:00;0,256;0;24.894;0;0;415,83;0
24.08.2023;01:00:00;0,256;0;25.019;0;0;411,81;0
24.08.2023;02:00:00;0,256;0;25.003;0;0;400,15;0
24.08.2023;03:00:00;0,256;0;24.882;0;0;397,28;0
24.08.2023;04:00:00;0,256;0;24.729;0;0;390,97;0
24.08.2023;05:00:00;0,256;0;24.431;0;0;368,6;5.566
24.08.2023;06:00:00;0,26;0;24.794;0.109;0;330,08;127.294
24.08.2023;07:00:00;2,886;0;26.038;0.267;0;313,12;331.780
24.08.2023;08:00:00;3,506;1,393333333;28.186;0.402;0;530,66;537.276
24.08.2023;09:00:00;1,761;0;29.796;0.506;0;719,24;716.894
24.08.2023;10:00:00;0,256;0;31.458;0.577;0;1126,79;852.941
24.08.2023;11:00:00;5,361;0;32.687;0.616;0;1428,22;934.643
24.08.2023;12:00:00;0,286;0;33.499;0.624;0;1662,99;955.423
24.08.2023;13:00:00;0,725;0;33.959;0.601;0;1823,07;913.885
24.08.2023;14:00:00;7,941;0;34.070;0.548;0;1899,85;813.158
24.08.2023;15:00:00;0,736;0;33.867;0.463;0;1889,76;661.778
24.08.2023;16:00:00;0,976;0;33.276;0.348;0;1974,69;471.235
24.08.2023;17:00:00;0,286;0;32.153;0.206;0;1626,28;261.647
24.08.2023;18:00:00;1,506;0;30.108;0.050;0;1390,38;67.884
24.08.2023;19:00:00;9,966;0;27.525;0;0;1103,23;0.006
24.08.2023;20:00:00;0,396;0;26.045;0;0;738,04;0
24.08.2023;21:00:00;0,776;1,393333333;24.855;0;0;477;0
24.08.2023;22:00:00;0,445;0;23.895;0;0;561,13;0
24.08.2023;23:00:00;0,331;0;23.053;0;0;476,43;0
25.08.2023;00:00:00;0,256;0;22.365;0;0;403,97;0
25.08.2023;01:00:00;0,256;0;21.884;0;0;331,51;0
25.08.2023;02:00:00;0,256;0;21.585;0;0;268,42;0
25.08.2023;03:00:00;0,256;0;21.309;0;0;218,05;0
25.08.2023;04:00:00;0,256;0;21.061;0;0;178,18;0
25.08.2023;05:00:00;0,256;0;20.905;0;0;142,24;5.376
25.08.2023;06:00:00;0,28;0;22.434;0.115;0;109,36;131.022
25.08.2023;07:00:00;1,796;0;24.565;0.275;0;96,52;339.351
25.08.2023;08:00:00;3,326;0;27.564;0.409;0;385,13;547.278
25.08.2023;09:00:00;1,361;0;30.249;0.510;0;625,21;726.747
25.08.2023;10:00:00;0,301;0;31.825;0.581;0;1085,97;863.806
25.08.2023;11:00:00;0,301;0;32.872;0.620;0;1448,5;944.631
25.08.2023;12:00:00;6,496;0;33.518;0.627;0;1712,07;962.972
25.08.2023;13:00:00;0,25;0;33.734;0.603;0;1881,66;917.620
25.08.2023;14:00:00;0,256;0;33.568;0.548;0;1954,45;812.277
25.08.2023;15:00:00;0,451;0;33.177;0.461;0;1927,36;657.267
25.08.2023;16:00:00;0,866;0;32.421;0.345;0;1808,14;465.698
25.08.2023;17:00:00;0,276;0;31.178;0.202;0;1620,24;256.479
25.08.2023;18:00:00;7,536;0;29.191;0.047;0;1374,95;64.490
25.08.2023;19:00:00;0,336;0;26.772;0;0;1078,28;0.001
25.08.2023;20:00:00;0,366;1,393333333;25.384;0;0;706,99;0
25.08.2023;21:00:00;0,556;1,393333333;24.171;0;0;436,66;0
25.08.2023;22:00:00;0,35;0;23.210;0;0;514,29;0
25.08.2023;23:00:00;0,256;0;22.430;0;0;419,08;0
26.08.2023;00:00:00;0,256;0;21.809;0;0;333,62;0
26.08.2023;01:00:00;0,256;0;21.333;0;0;261,92;0
26.08.2023;02:00:00;0,256;0;21.020;0;0;203,52;0
26.08.2023;03:00:00;0,256;0;20.750;0;0;158,49;0
26.08.2023;04:00:00;0,256;0;20.397;0;0;121,78;0
26.08.2023;05:00:00;0,261;0;20.066;0;0;86,03;4.731
26.08.2023;06:00:00;0,28;0;21.171;0.111;0;42,63;127.224
26.08.2023;07:00:00;0,341;0;23.013;0.269;0;10,52;331.360
26.08.2023;08:00:00;1,361;0;26.369;0.403;0;249,09;537.426
26.08.2023;09:00:00;4,676;1,393333333;28.462;0.504;0;629,19;711.117
26.08.2023;10:00:00;0,931;0;29.448;0.579;0;877,55;848.013
26.08.2023;11:00:00;2,896;0;30.192;0.618;0;1379,14;926.009
26.08.2023;12:00:00;4,816;0;30.710;0.625;0;1401,75;943.786
26.08.2023;13:00:00;0,72;0;30.988;0.602;0;1540,34;902.147
26.08.2023;14:00:00;0,291;0;30.991;0.547;0;1605,46;800.494
26.08.2023;15:00:00;1,516;0;30.715;0.460;0;1587,06;647.270
26.08.2023;16:00:00;0,401;0;30.032;0.342;0;1657,71;457.296
26.08.2023;17:00:00;0,471;0;28.906;0.198;0;1476,57;249.206
26.08.2023;18:00:00;0,816;0;26.914;0.042;0;1049,22;60.113
26.08.2023;19:00:00;4,341;0;24.525;0;0;748,16;0
26.08.2023;20:00:00;3,466;1,393333333;23.306;0;0;396,25;0
26.08.2023;21:00:00;0,846;0;22.522;0;0;146,06;0
26.08.2023;22:00:00;0,41;0;22.022;0;0;214,6;0
26.08.2023;23:00:00;0,436;0;21.761;0;0;136,89;0
27.08.2023;00:00:00;0,256;0;21.624;0;0;86,42;0
27.08.2023;01:00:00;0,256;0;21.676;0;0;71,5;0
27.08.2023;02:00:00;0,256;0;21.757;0;0;68,16;0
27.08.2023;03:00:00;0,256;0;21.819;0;0;73,03;0
27.08.2023;04:00:00;0,256;0;22.023;0;0;86,13;0
27.08.2023;05:00:00;0,256;0;22.107;0;0;97,12;3.229
27.08.2023;06:00:00;0,29;0;22.773;0.079;0;103,72;101.646
27.08.2023;07:00:00;3,726;0;23.942;0.241;0;105,24;299.713
27.08.2023;08:00:00;3,956;1,393333333;25.209;0.391;0;290,3;516.915
27.08.2023;09:00:00;0,321;1,393333333;26.244;0.486;0;423,83;673.692
27.08.2023;10:00:00;0,736;0;26.959;0.567;0;949,18;816.524
27.08.2023;11:00:00;5,361;0;27.363;0.609;0;1053,27;893.788
27.08.2023;12:00:00;0,766;0;27.552;0.620;0;1268,24;916.819
27.08.2023;13:00:00;0,245;0;27.631;0.601;0;1572,62;881.298
27.08.2023;14:00:00;8,421;0;27.536;0.545;0;1427,75;780.238
27.08.2023;15:00:00;0,256;0;27.263;0.457;0;1382,56;630.312
27.08.2023;16:00:00;0,976;0;26.743;0.335;0;1259,6;439.596
27.08.2023;17:00:00;0,286;0;25.856;0.186;0;1072,95;233.616
27.08.2023;18:00:00;1,026;0;24.649;0.036;0;832,46;53.248
27.08.2023;19:00:00;10,416;0;23.326;0;0;546,34;0
27.08.2023;20:00:00;0,376;0;22.438;0;0;264,28;0
27.08.2023;21:00:00;0,456;0;22.019;0;0;98,84;0
27.08.2023;22:00:00;0,905;0;21.827;0;0;186,88;0
27.08.2023;23:00:00;0,301;0;21.754;0;0;134,69;0
28.08.2023;00:00:00;0,256;0;21.716;0;0;107,54;0
28.08.2023;01:00:00;0,256;0;21.662;0;0;93,68;0
28.08.2023;02:00:00;0,256;0;21.594;0;0;86,61;0
28.08.2023;03:00:00;0,256;0;21.473;0;0;79,44;0
28.08.2023;04:00:00;0,256;0;21.331;0;0;67,78;0
28.08.2023;05:00:00;0,256;0;21.206;0;0;53,44;2.706
28.08.2023;06:00:00;0,28;0;21.635;0.076;0;38,33;97.962
28.08.2023;07:00:00;0,316;0;22.883;0.243;0;32,36;301.664
28.08.2023;08:00:00;3,906;0;24.425;0.385;0;192,84;507.561
28.08.2023;09:00:00;1,921;0;25.645;0.494;0;532,33;686.818
28.08.2023;10:00:00;0,301;1,393333333;26.457;0.571;0;716,46;822.568
28.08.2023;11:00:00;0,301;0;26.932;0.613;0;1204,16;901.587
28.08.2023;12:00:00;5,536;0;27.069;0.619;0;1246,33;913.902
28.08.2023;13:00:00;0,73;0;26.996;0.597;0;1379,23;872.475
28.08.2023;14:00:00;0,256;0;26.799;0.545;0;1404,91;778.720
28.08.2023;15:00:00;0,931;0;26.419;0.459;0;1352,31;632.092
28.08.2023;16:00:00;0,386;0;25.729;0.339;0;1231;444.230
28.08.2023;17:00:00;0,276;0;24.717;0.192;0;1034,05;238.619
28.08.2023;18:00:00;7,536;0;23.367;0.038;0;773,61;53.963
28.08.2023;19:00:00;0,336;1,393333333;22.117;0;0;466,25;0
28.08.2023;20:00:00;0,486;0;21.559;0;0;149,58;0
28.08.2023;21:00:00;0,956;0;21.331;0;22,27;0;0
28.08.2023;22:00:00;0,4;0;21.232;0;0;91,58;0
28.08.2023;23:00:00;0,256;0;21.153;0;0;71,6;0
29.08.2023;00:00:00;0,256;0;21.075;0;0;64,33;0
29.08.2023;01:00:00;0,256;0;20.996;0;0;53,25;0
29.08.2023;02:00:00;0,256;0;20.857;0;0;39,86;0
29.08.2023;03:00:00;0,256;0;20.600;0;0;27,05;0
29.08.2023;04:00:00;0,256;0;20.345;0;0;11,47;0
29.08.2023;05:00:00;0,261;0;20.169;0;21,99;0;2.855
29.08.2023;06:00:00;0,28;0;21.191;0.091;55,83;0;110.317
29.08.2023;07:00:00;1,921;0;22.859;0.250;73,24;0;311.604
29.08.2023;08:00:00;0,331;1,393333333;24.352;0.390;0;173,62;516.706
29.08.2023;09:00:00;5,556;0;25.441;0.499;0;371,79;695.922
29.08.2023;10:00:00;0,451;0;26.242;0.575;0;746,81;830.988
29.08.2023;11:00:00;2,416;0;26.857;0.617;0;1049,02;911.164
29.08.2023;12:00:00;5,776;0;27.242;0.628;0;1449,67;933.704
29.08.2023;13:00:00;0,24;0;27.480;0.604;0;1409,65;891.643
29.08.2023;14:00:00;0,291;0;27.512;0.548;0;1465,28;790.162
29.08.2023;15:00:00;1,516;0;27.205;0.459;0;1432,33;637.622
29.08.2023;16:00:00;0,881;0;26.473;0.339;0;1496,43;447.463
29.08.2023;17:00:00;0,471;0;25.293;0.191;0;1119,1;239.261
29.08.2023;18:00:00;0,816;0;23.697;0.038;0;848,07;52.914
29.08.2023;19:00:00;3,971;0;22.194;0;0;522,69;0
29.08.2023;20:00:00;3,486;0;21.471;0;0;180,26;0
29.08.2023;21:00:00;0,366;1,393333333;21.046;0;19,41;0;0
29.08.2023;22:00:00;0,45;0;20.757;0;0;74,94;0
29.08.2023;23:00:00;0,346;0;20.547;0;0;25,81;0
30.08.2023;00:00:00;0,256;0;20.394;0;2,49;0;0
30.08.2023;01:00:00;0,256;0;20.250;0;23,61;0;0
30.08.2023;02:00:00;0,256;0;20.133;0;38,14;0;0
30.08.2023;03:00:00;0,256;0;19.941;0;49,42;0;0
30.08.2023;04:00:00;0,256;0;19.725;0;58,6;0;0
30.08.2023;05:00:00;0,256;0;19.537;0;69,69;0;2.495
30.08.2023;06:00:00;0,26;0;20.778;0.092;82,3;0;110.519
30.08.2023;07:00:00;2,726;0;22.585;0.254;87,16;0;316.770
30.08.2023;08:00:00;3,986;0;24.514;0.393;0;153,75;524.473
30.08.2023;09:00:00;0,351;0;26.042;0.502;0;356,14;705.733
30.08.2023;10:00:00;0,736;0;26.835;0.578;0;934,11;842.681
30.08.2023;11:00:00;5,841;0;27.269;0.621;0;1083,35;924.629
30.08.2023;12:00:00;0,286;0;27.472;0.630;0;1482,05;941.909
30.08.2023;13:00:00;0,725;0;27.521;0.607;0;1434,73;899.411
30.08.2023;14:00:00;7,941;0;27.333;0.551;0;1475,88;797.043
30.08.2023;15:00:00;0,256;0;27.043;0.462;0;1427,79;644.222
30.08.2023;16:00:00;0,976;0;26.460;0.341;0;1477,21;451.913
30.08.2023;17:00:00;0,286;0;25.448;0.192;0;1110,17;241.250
30.08.2023;18:00:00;1,506;0;23.943;0.037;0;857,01;52.376
30.08.2023;19:00:00;10,336;0;22.366;0;0;548,53;0
30.08.2023;20:00:00;0,376;1,393333333;21.535;0;0;213,15;0
30.08.2023;21:00:00;0,976;1,393333333;21.067;0;0;11,09;0
30.08.2023;22:00:00;0,355;0;20.776;0;0;100,37;0
30.08.2023;23:00:00;0,301;0;20.556;0;0;53,82;0
31.08.2023;00:00:00;0,256;0;20.386;0;0;30,11;0
31.08.2023;01:00:00;0,256;0;20.242;0;0;11,95;0
31.08.2023;02:00:00;0,256;0;20.133;0;4,3;0;0
31.08.2023;03:00:00;0,256;0;20.002;0;18,07;0;0
31.08.2023;04:00:00;0,256;0;19.898;0;30,88;0;0
31.08.2023;05:00:00;0,256;0;19.826;0;47,7;0;2.020
31.08.2023;06:00:00;0,28;0;20.893;0.081;63,57;0;101.882
31.08.2023;07:00:00;1,216;0;22.348;0.242;66,75;0;302.216
31.08.2023;08:00:00;4,356;0;23.906;0.380;0;143,53;503.677
31.08.2023;09:00:00;0,451;1,393333333;25.178;0.488;0;497,17;679.053
31.08.2023;10:00:00;0,781;0;26.055;0.563;0;679,59;812.025
31.08.2023;11:00:00;0,301;0;26.663;0.606;0;1165,73;892.457
31.08.2023;12:00:00;6,016;0;26.977;0.619;0;1391,13;918.422
31.08.2023;13:00:00;0,25;0;27.057;0.597;0;1348,86;878.568
31.08.2023;14:00:00;0,736;0;26.913;0.541;0;1574,5;777.372
31.08.2023;15:00:00;0,451;0;26.384;0.431;0;1520,66;592.152
31.08.2023;16:00:00;0,386;0;25.510;0.299;0;1206,19;390.988
31.08.2023;17:00:00;0,276;0;24.263;0.131;0;1172,06;170.882
31.08.2023;18:00:00;7,056;0;22.954;0.009;0;693,94;26.895
31.08.2023;19:00:00;0,816;0;22.213;0;0;364,3;0
31.08.2023;20:00:00;0,406;1,393333333;21.939;0;0;69,05;0
31.08.2023;21:00:00;0,396;0;21.693;0;40,34;0;0
31.08.2023;22:00:00;0,92;0;21.455;0;0;116,62;0
31.08.2023;23:00:00;0,376;0;21.280;0;0;112,99;0
01.09.2023;00:00:00;0,256;0;21.203;0;0;99,7;0
01.09.2023;01:00:00;0,256;0;21.241;0;0;54,58;0
01.09.2023;02:00:00;0,256;0;21.343;0;0;32,6;0
01.09.2023;03:00:00;0,256;0;21.395;0;0;26,29;0
01.09.2023;04:00:00;0,256;0;21.395;0;0;39,19;0
01.09.2023;05:00:00;0,261;0;21.386;0;0;48,47;0.663
01.09.2023;06:00:00;0,31;0;21.723;0.015;0;46,84;36.141
01.09.2023;07:00:00;0,441;0;22.444;0.081;0;42,2;113.613
01.09.2023;08:00:00;0,821;1,393333333;23.314;0.162;0;128,83;206.651
01.09.2023;09:00:00;6,116;1,393333333;24.111;0.227;0;113,11;283.503
01.09.2023;10:00:00;0,451;0;24.649;0.286;0;299,56;356.155
01.09.2023;11:00:00;2,416;0;25.006;0.331;0;468,74;414.769
01.09.2023;12:00:00;4,816;0;25.283;0.363;0;558,61;457.009
01.09.2023;13:00:00;0,72;0;25.425;0.361;0;609,28;456.089
01.09.2023;14:00:00;0,291;0;25.537;0.363;0;624,25;463.996
01.09.2023;15:00:00;1,996;0;25.716;0.361;0;594,31;468.934
01.09.2023;16:00:00;0,401;0;25.662;0.296;0;554,05;383.077
01.09.2023;17:00:00;0,471;0;25.255;0.159;0;542,06;204.052
01.09.2023;18:00:00;0,816;0;24.286;0.019;0;511,62;38.815
01.09.2023;19:00:00;3,941;0;23.111;0;0;374,96;0
01.09.2023;20:00:00;3,426;0;22.523;0;0;109,22;0
01.09.2023;21:00:00;0,886;0;21.973;0;37,76;0;0
01.09.2023;22:00:00;0,35;0;21.440;0;0;100,47;0
01.09.2023;23:00:00;0,316;0;20.414;0;0;71,98;0
