Datum/Uhrzeit;Elektrische_Last [kW];Warmwasser_Last [kW]; Außentemperatur [ºC];PV_Erzeugung [kW];Wärme_Last_diesel 23°C [kW];Kühl_Last_diesel 23°C [kW];Wärme_Last_elektrisch 23°C [kW];Kühl_Last_elektrisch 23°C [kW]
14.07.2019 00:00;0,256;0;21,755;0;0;0,06;0;0,067
14.07.2019 01:00;0,256;0;21,027;0;0,01;0;0;0,001
14.07.2019 02:00;0,256;0;20,527;0;0,06;0;0,045;0
14.07.2019 03:00;0,256;0;20,117;0;0,1;0;0,082;0
14.07.2019 04:00;0,256;0;19,732;0;0,13;0;0,117;0
14.07.2019 05:00;0,256;0;19,322;0;0,17;0;0,154;0
14.07.2019 06:00;0,28;0;18,941;0;0,21;0;0,189;0
14.07.2019 07:00;1,916;0,2;19,013;0,031;0,16;0;0,134;0
14.07.2019 08:00;3,326;1,39;20,183;0,193;0;0,12;0;0,172
14.07.2019 09:00;1,331;0;22,323;0,348;0;0,36;0;0,432
14.07.2019 10:00;0,301;0,5;24,307;0,475;0;0,75;0;0,855
14.07.2019 11:00;0,301;0;25,763;0,573;0;1,07;0;1,197
14.07.2019 12:00;6,496;0;26,999;0,639;0;1,32;0;1,467
14.07.2019 13:00;0,25;0;28,025;0,675;0;1,5;0;1,652
14.07.2019 14:00;0,256;0;28,837;0,683;0;1,78;0;1,933
14.07.2019 15:00;0,451;0,1;29,427;0,659;0;1,61;0;1,755
14.07.2019 16:00;0,866;0;29,738;0,607;0;1,54;0;1,664
14.07.2019 17:00;0,276;0;29,814;0,528;0;1,4;0;1,498
14.07.2019 18:00;7,536;0,5;29,62;0,417;0;1,19;0;1,255
14.07.2019 19:00;0,366;0,1;29,163;0,279;0;0,93;0;0,964
14.07.2019 20:00;0,426;0;28,337;0,118;0;0,65;0;0,647
14.07.2019 21:00;0,436;1,39;26,159;0;0;0,31;0;0,298
14.07.2019 22:00;0,44;0;24,872;0;0;0,36;0;0,35
14.07.2019 23:00;0,286;0;23,852;0;0;0,26;0;0,257
15.07.2019 00:00;0,256;0;22,95;0;0;0,18;0;0,175
15.07.2019 01:00;0,256;0;22,273;0;0;0,11;0;0,114
15.07.2019 02:00;0,256;0;21,798;0;0;0,07;0;0,071
15.07.2019 03:00;0,256;0;21,421;0;0;0,03;0;0,036
15.07.2019 04:00;0,256;0;21,115;0;0;0;0;0,009
15.07.2019 05:00;0,261;0;20,806;0;0,03;0;0,019;0
15.07.2019 06:00;0,28;0,5;20,419;0;0,07;0;0,055;0
15.07.2019 07:00;0,281;0;20,502;0,034;0,02;0;0;0,002
15.07.2019 08:00;1,331;0;21,728;0,2;0;0,28;0;0,319
15.07.2019 09:00;4,706;0,1;23,879;0,352;0;0,51;0;0,584
15.07.2019 10:00;0,931;0;26,584;0,475;0;0,98;0;1,071
15.07.2019 11:00;2,896;;28,89;0,568;0;1,38;0;1,49
15.07.2019 12:00;4,816;0;30,497;0,632;0;1,67;0;1,793
15.07.2019 13:00;0,72;0;31,502;0,667;0;1,84;0;1,979
15.07.2019 14:00;0,291;0;32,131;0,674;0;1,92;0;2,06
15.07.2019 15:00;1,516;0,1;32,524;0,652;0;1,92;0;2,044
15.07.2019 16:00;0,401;0;32,664;0,6;0;1,83;0;1,936
15.07.2019 17:00;0,471;0,2;32,542;0,52;0;1,66;0;1,744
15.07.2019 18:00;0,816;0;32,16;0,411;0;1,43;0;1,484
15.07.2019 19:00;4,341;0;31,461;0,275;0;1,15;0;1,172
15.07.2019 20:00;3,466;1,39;30,319;0,117;0;0,84;0;0,827
15.07.2019 21:00;0,966;1,39;27,784;0;0;0,47;0;0,445
15.07.2019 22:00;0,32;0;26,344;0;0;0,5;0;0,484
15.07.2019 23:00;0,316;0;25,275;0;0;0,4;0;0,387
16.07.2019 00:00;0,256;0;24,389;0;0;0,31;0;0,306
16.07.2019 01:00;0,256;0;23,619;0;0;0,24;0;0,236
16.07.2019 02:00;0,256;0;22,949;0;0;0,18;0;0,175
16.07.2019 03:00;0,256;0;22,438;0;0;0,13;0;0,129
16.07.2019 04:00;0,256;0;22,055;0;0;0,09;0;0,094
16.07.2019 05:00;0,256;0;21,711;0;0;0,06;0;0,063
16.07.2019 06:00;0,26;0;21,505;0;0;0,04;0;0,044
16.07.2019 07:00;3,666;0;22,02;0,036;0;0,13;0;0,141
16.07.2019 08:00;4,016;0,2;24,186;0,205;0;0,52;0;0,549
16.07.2019 09:00;0,321;1,39;25,941;0,355;0;0,72;0;0,781
16.07.2019 10:00;0,736;0;27,293;0,478;0;1,05;0;1,145
16.07.2019 11:00;5,361;0;27,919;0,575;0;1,29;0;1,41
16.07.2019 12:00;0,766;0;28,101;0,642;0;1,62;0;1,763
16.07.2019 13:00;0,245;0;28,01;0,681;0;1,69;0;1,846
16.07.2019 14:00;8,421;0;27,963;0,69;0;1,53;0;1,685
16.07.2019 15:00;0,256;0;27,91;0,668;0;1,48;0;1,628
16.07.2019 16:00;0,976;0,3;27,793;0,616;0;1,36;0;1,496
16.07.2019 17:00;0,286;0;27,598;0,534;0;1,19;0;1,297
16.07.2019 18:00;1,026;0;27,214;0,421;0;0,96;0;1,035
16.07.2019 19:00;10,416;0;26,529;0,281;0;0,68;0;0,722
16.07.2019 20:00;0,376;1,39;25,327;0,118;0;0,36;0;0,371
16.07.2019 21:00;0,336;0,1;23,437;0;0;0,05;0;0,049
16.07.2019 22:00;0,965;0;22,093;0;0;0,09;0;0,098
16.07.2019 23:00;0,421;0;21,327;0;0;0,02;0;0,028
17.07.2019 00:00;0,256;0;20,784;0;0,03;0;0,021;0
17.07.2019 01:00;0,256;0;20,301;0;0,08;0;0,065;0
17.07.2019 02:00;0,256;0;19,925;0;0,11;0;0,099;0
17.07.2019 03:00;0,256;0;19,762;0;0,13;0;0,114;0
17.07.2019 04:00;0,256;0;19,67;0;0,14;0;0,123;0
17.07.2019 05:00;0,256;0;19,637;0;0,14;0;0,126;0
17.07.2019 06:00;0,31;0;19,533;0;0,15;0;0,135;0
17.07.2019 07:00;0,436;0,2;19,578;0,032;0,11;0;0,084;0
17.07.2019 08:00;3,816;1,39;20,861;0,201;0;0,19;0;0,24
17.07.2019 09:00;1,891;1,39;22,447;0,356;0;0,38;0;0,456
17.07.2019 10:00;0,301;0;23,676;0,484;0;0,71;0;0,812
17.07.2019 11:00;0,301;0;24,751;0,583;0;0,99;0;1,121
17.07.2019 12:00;5,536;0;25,811;0,65;0;1,22;0;1,376
17.07.2019 13:00;0,73;0,5;26,726;0,687;0;1,39;0;1,555
17.07.2019 14:00;0,256;0;27,422;0,693;0;1,48;0;1,639
17.07.2019 15:00;0,931;0;27,923;0,669;0;1,48;0;1,632
17.07.2019 16:00;0,386;0;28,229;0,615;0;1,41;0;1,537
17.07.2019 17:00;0,276;0;28,413;0,531;0;1,27;0;1,372
17.07.2019 18:00;7,536;0;28,326;0,419;0;1,07;0;1,137
17.07.2019 19:00;0,336;0;27,885;0,279;0;0,81;0;0,846
17.07.2019 20:00;0,366;0,3;26,966;0,116;0;0,51;0;0,519
17.07.2019 21:00;0,956;0;24,871;0;0;0,19;0;0,179
17.07.2019 22:00;0,34;0;23,707;0;0;0,25;0;0,244
17.07.2019 23:00;0,256;0;22,904;0;0;0,17;0;0,171
18.07.2019 00:00;0,256;0;22,171;0;0;0,1;0;0,105
18.07.2019 01:00;0,256;0;21,406;0;0;0,03;0;0,035
18.07.2019 02:00;0,256;0;20,678;0;0,04;0;0,031;0
18.07.2019 03:00;0,256;0;20,121;0;0,1;0;0,082;0
18.07.2019 04:00;0,256;0;19,669;0;0,14;0;0,123;0
18.07.2019 05:00;0,261;0;19,227;0;0,18;0;0,163;0
18.07.2019 06:00;0,28;0;18,8;0;0,22;0;0,202;0
18.07.2019 07:00;1,801;0;18,873;0,031;0,17;0;0,148;0
18.07.2019 08:00;0,391;0,2;20,234;0,202;0;0,13;0;0,183
18.07.2019 09:00;5,586;0;22,379;0,356;0;0,37;0;0,45
18.07.2019 10:00;0,451;1,39;24,988;0,481;0;0,83;0;0,932
18.07.2019 11:00;2,416;0;27,009;0,575;0;1,2;0;1,325
18.07.2019 12:00;5,776;0;28,014;0,642;0;1,61;0;1,755
18.07.2019 13:00;0,24;0;28,405;0,679;0;1,55;0;1,705
18.07.2019 14:00;0,291;0;28,48;0,689;0;1,58;0;1,736
18.07.2019 15:00;1,516;0;28,37;0,667;0;1,52;0;1,673
18.07.2019 16:00;0,881;0;28,071;0,615;0;1,39;0;1,523
18.07.2019 17:00;0,471;0,4;27,749;0,531;0;1,38;0;1,489
18.07.2019 18:00;0,816;0;27,234;0,419;0;0,96;0;1,035
18.07.2019 19:00;3,941;1,39;26,383;0,279;0;0,66;0;0,707
18.07.2019 20:00;3,546;0;25,109;0,115;0;0,33;0;0,348
18.07.2019 21:00;0,486;0;23,181;0;0;0,02;0;0,025
18.07.2019 22:00;0,45;0;22,028;0;0;0,09;0;0,092
18.07.2019 23:00;0,316;0;21,399;0;0;0,03;0;0,034
19.07.2019 00:00;0,256;0;21,051;0;0,01;0;0;0,003
19.07.2019 01:00;0,256;0;20,89;0;0,02;0;0,012;0
19.07.2019 02:00;0,256;0;20,808;0;0,03;0;0,019;0
19.07.2019 03:00;0,256;0;20,711;0;0,04;0;0,028;0
19.07.2019 04:00;0,256;0;20,537;0;0,06;0;0,044;0
19.07.2019 05:00;0,256;0;20,269;0;0,08;0;0,068;0
19.07.2019 06:00;0,26;0;19,984;0;0,11;0;0,094;0
19.07.2019 07:00;2,846;0,2;20,027;0,028;0,07;0;0,045;0
19.07.2019 08:00;3,986;1,39;21,706;0,196;0;0,27;0;0,313
19.07.2019 09:00;0,321;0;23,678;0,349;0;0,49;0;0,562
19.07.2019 10:00;0,736;0,5;25,922;0,473;0;0,91;0;1,008
19.07.2019 11:00;5,841;0;27,412;0,568;0;1,23;0;1,351
19.07.2019 12:00;0,286;0;28,001;0,634;0;1,42;0;1,557
19.07.2019 13:00;0,725;0;28,421;0,668;0;1,53;0;1,681
19.07.2019 14:00;7,941;0;28,652;0,656;0;1,53;0;1,678
19.07.2019 15:00;0,256;0,1;28,649;0,627;0;1,66;0;1,792
19.07.2019 16:00;0,976;0;28,406;0,568;0;1,34;0;1,457
19.07.2019 17:00;0,286;0;28,068;0,478;0;1,15;0;1,24
19.07.2019 18:00;1,506;0,5;27,503;0,357;0;0,9;0;0,961
19.07.2019 19:00;10,366;0,1;26,67;0,209;0;0,62;0;0,646
19.07.2019 20:00;0,436;0;25,541;0,061;0;0,33;0;0,336
19.07.2019 21:00;0,856;1,39;24,195;0;0;0,12;0;0,114
19.07.2019 22:00;0,445;0;23,201;0;0;0,2;0;0,198
19.07.2019 23:00;0,331;0;22,634;0;0;0,15;0;0,147
20.07.2019 00:00;0,256;0;22,277;0;0;0,11;0;0,114
20.07.2019 01:00;0,256;0;22,023;0;0;0,09;0;0,091
20.07.2019 02:00;0,256;0;21,88;0;0;0,07;0;0,078
20.07.2019 03:00;0,256;0;21,907;0;0;0,08;0;0,081
20.07.2019 04:00;0,256;0;21,884;0;0;0,07;0;0,079
20.07.2019 05:00;0,256;0;21,782;0;0;0,06;0;0,069
20.07.2019 06:00;0,28;0,5;21,714;0;0;0,06;0;0,063
20.07.2019 07:00;1,156;0;22,021;0,012;0;0,12;0;0,125
20.07.2019 08:00;4,326;0;23,819;0,148;0;0,44;0;0,462
20.07.2019 09:00;0,481;0,1;25,889;0,305;0;0,66;0;0,709
20.07.2019 10:00;0,781;0;28,692;0,434;0;1,13;0;1,204
20.07.2019 11:00;0,301;;30,661;0,533;0;1,5;0;1,595
20.07.2019 12:00;6,016;0;31,163;0,603;0;1,68;0;1,8
20.07.2019 13:00;0,25;0;31,27;0,643;0;1,77;0;1,905
20.07.2019 14:00;0,736;0;31,308;0,641;0;1,78;0;1,906
20.07.2019 15:00;0,451;0,1;31,154;0,619;0;1,72;0;1,84
20.07.2019 16:00;0,386;0;30,951;0,566;0;1,59;0;1,7
20.07.2019 17:00;0,276;0,2;30,577;0,481;0;1,4;0;1,486
20.07.2019 18:00;7,056;0;30,059;0,367;0;1,17;0;1,217
20.07.2019 19:00;0,816;0;29,289;0,225;0;0,89;0;0,908
20.07.2019 20:00;0,406;1,39;27,992;0,074;0;0,58;0;0,573
20.07.2019 21:00;0,516;1,39;25,679;0;0;0,26;0;0,25
20.07.2019 22:00;0,83;0;24,108;0;0;0,29;0;0,281
20.07.2019 23:00;0,256;0;23,18;0;0;0,2;0;0,196
21.07.2019 00:00;0,256;0;22,66;0;0;0,15;0;0,149
21.07.2019 01:00;0,256;0;22,358;0;0;0,12;0;0,122
21.07.2019 02:00;0,256;0;22,179;0;0;0,1;0;0,105
21.07.2019 03:00;0,256;0;22,048;0;0;0,09;0;0,093
21.07.2019 04:00;0,256;0;22,044;0;0;0,09;0;0,093
21.07.2019 05:00;0,261;0;22,036;0;0;0,09;0;0,092
21.07.2019 06:00;0,28;0;21,932;0;0;0,08;0;0,083
21.07.2019 07:00;0,381;0;22,125;0,014;0;0,13;0;0,135
21.07.2019 08:00;0,881;0,2;23,538;0,155;0;0,41;0;0,442
21.07.2019 09:00;6,116;1,39;25,42;0,31;0;0,62;0;0,672
21.07.2019 10:00;0,451;0;27,2;0,438;0;0,99;0;1,071
21.07.2019 11:00;2,416;0;28,157;0,538;0;1,26;0;1,366
21.07.2019 12:00;4,816;0;28,757;0,608;0;1,45;0;1,577
21.07.2019 13:00;0,72;0;29,265;0,646;0;1,58;0;1,717
21.07.2019 14:00;0,291;0;29,6;0,657;0;1,63;0;1,777
21.07.2019 15:00;1,996;0;29,704;0,635;0;1,6;0;1,734
21.07.2019 16:00;0,401;0,3;29,543;0,581;0;1,48;0;1,597
21.07.2019 17:00;0,471;0;29,229;0,498;0;1,3;0;1,39
21.07.2019 18:00;0,816;0;28,703;0,383;0;1,06;0;1,117
21.07.2019 19:00;3,941;0;27,978;0,241;0;0,78;0;0,806
21.07.2019 20:00;3,426;1,39;26,896;0,082;0;0,48;0;0,481
21.07.2019 21:00;0,766;0,1;25,285;0;0;0,22;0;0,214
21.07.2019 22:00;0,41;0;23,929;0;0;0,27;0;0,264
21.07.2019 23:00;0,436;0;23,011;0;0;0,18;0;0,181
22.07.2019 00:00;0,256;0;22,554;0;0;0,14;0;0,139
22.07.2019 01:00;0,256;0;22,355;0;0;0,12;0;0,121
22.07.2019 02:00;0,256;0;22,267;0;0;0,11;0;0,113
22.07.2019 03:00;0,256;0;22,285;0;0;0,11;0;0,115
22.07.2019 04:00;0,256;0;22,351;0;0;0,12;0;0,121
22.07.2019 05:00;0,256;0;22,271;0;0;0,11;0;0,114
22.07.2019 06:00;0,29;0;22,141;0;0;0,1;0;0,102
22.07.2019 07:00;4,366;0,2;22,458;0,013;0;0,16;0;0,165
22.07.2019 08:00;2,956;1,39;23,698;0,156;0;0,43;0;0,457
22.07.2019 09:00;1,201;1,39;25,054;0,31;0;0,58;0;0,638
22.07.2019 10:00;0,256;0;26,032;0,439;0;0,88;0;0,963
22.07.2019 11:00;5,361;0;26,874;0,539;0;1,13;0;1,245
22.07.2019 12:00;1,246;0;27,743;0,608;0;1,35;0;1,479
22.07.2019 13:00;0,245;0,5;28,549;0,645;0;1,5;0;1,644
22.07.2019 14:00;7,941;0;29,142;0,652;0;1,58;0;1,72
22.07.2019 15:00;0,256;0;29,372;0,628;0;1,56;0;1,689
22.07.2019 16:00;1,456;0;29,283;0,575;0;1,44;0;1,56
22.07.2019 17:00;0,286;0;29,014;0,491;0;1,27;0;1,356
22.07.2019 18:00;1,506;0;28,564;0,378;0;1,04;0;1,096
22.07.2019 19:00;9,936;0;27,764;0,237;0;0,75;0;0,783
22.07.2019 20:00;0,336;0,3;26,449;0,08;0;0,44;0;0,438
22.07.2019 21:00;0,496;0;24,606;0;0;0,16;0;0,152
22.07.2019 22:00;0,425;0;23,158;0;0;0,2;0;0,194
22.07.2019 23:00;0,301;0;22,389;0;0;0,12;0;0,124
23.07.2019 00:00;0,256;0;22,093;0;0;0,09;0;0,098
23.07.2019 01:00;0,256;0;21,951;0;0;0,08;0;0,085
23.07.2019 02:00;0,256;0;21,965;0;0;0,08;0;0,086
23.07.2019 03:00;0,256;0;22,143;0;0;0,1;0;0,102
23.07.2019 04:00;0,256;0;22,433;0;0;0,13;0;0,128
23.07.2019 05:00;0,256;0;22,608;0;0;0,14;0;0,144
23.07.2019 06:00;0,28;0;22,694;0;0;0,15;0;0,152
23.07.2019 07:00;0,276;0;23,072;0,013;0;0,22;0;0,22
23.07.2019 08:00;4,386;0,2;24,664;0,156;0;0,52;0;0,545
23.07.2019 09:00;0,481;0;26,185;0,31;0;0,69;0;0,744
23.07.2019 10:00;0,781;1,39;27,355;0,439;0;1,01;0;1,089
23.07.2019 11:00;0,781;0;28,256;0,538;0;1,27;0;1,377
23.07.2019 12:00;5,536;0;28,861;0,605;0;1,46;0;1,584
23.07.2019 13:00;0,73;0;29,206;0,644;0;1,57;0;1,71
23.07.2019 14:00;0,256;0;29,409;0,653;0;1,61;0;1,75
23.07.2019 15:00;0,451;0;29,541;0,633;0;1,58;0;1,716
23.07.2019 16:00;0,386;0;29,616;0,579;0;1,49;0;1,603
23.07.2019 17:00;0,276;0,4;29,526;0,498;0;1,33;0;1,42
23.07.2019 18:00;7,536;0;29,091;0,383;0;1,1;0;1,155
23.07.2019 19:00;0,736;1,39;28,216;0,241;0;0,8;0;0,83
23.07.2019 20:00;0,526;0;26,817;0,083;0;0,47;0;0,474
23.07.2019 21:00;1,036;0;24,905;0;0;0,19;0;0,179
23.07.2019 22:00;0,4;0;23,771;0;0;0,25;0;0,25
23.07.2019 23:00;0,256;0;23,318;0;0;0,21;0;0,209
24.07.2019 00:00;0,256;0;23,222;0;0;0,2;0;0,2
24.07.2019 01:00;0,256;0;23,247;0;0;0,2;0;0,202
24.07.2019 02:00;0,256;0;23,185;0;0;0,2;0;0,197
24.07.2019 03:00;0,256;0;23,113;0;0;0,19;0;0,19
24.07.2019 04:00;0,256;0;23,098;0;0;0,19;0;0,189
24.07.2019 05:00;0,261;0;23,127;0;0;0,19;0;0,192
24.07.2019 06:00;0,28;0;23,151;0;0;0,19;0;0,194
24.07.2019 07:00;1,281;0,2;23,369;0,014;0;0,24;0;0,248
24.07.2019 08:00;1,331;1,39;25,006;0,166;0;0,56;0;0,585
24.07.2019 09:00;4,676;0;26,799;0,321;0;0,76;0;0,816
24.07.2019 10:00;0,931;0,5;27,935;0,45;0;1,08;0;1,163
24.07.2019 11:00;2,416;0;28,802;0,55;0;1,35;0;1,455
24.07.2019 12:00;5,296;0;29,357;0,62;0;1,54;0;1,666
24.07.2019 13:00;0,24;0;29,772;0,659;0;1,66;0;1,8
24.07.2019 14:00;0,771;0;30,083;0,671;0;1,72;0;1,861
24.07.2019 15:00;1,516;0,1;30,23;0,649;0;1,69;0;1,824
24.07.2019 16:00;0,401;0;30,217;0,598;0;1,58;0;1,702
24.07.2019 17:00;0,471;0;30,048;0,515;0;1,41;0;1,505
24.07.2019 18:00;0,336;0,5;29,614;0,403;0;1,17;0;1,237
24.07.2019 19:00;4,451;0,1;28,797;0,261;0;0,88;0;0,909
24.07.2019 20:00;3,526;0;27,538;0,098;0;0,55;0;0,553
24.07.2019 21:00;0,326;1,39;25,385;0;0;0,23;0;0,222
24.07.2019 22:00;0,93;0;24,205;0;0;0,3;0;0,29
24.07.2019 23:00;0,346;0;23,536;0;0;0,23;0;0,229
25.07.2019 00:00;0,256;0;23,154;0;0;0,19;0;0,194
25.07.2019 01:00;0,256;0;22,899;0;0;0,17;0;0,171
25.07.2019 02:00;0,256;0;22,733;0;0;0,15;0;0,156
25.07.2019 03:00;0,256;0;22,672;0;0;0,15;0;0,15
25.07.2019 04:00;0,256;0;22,648;0;0;0,15;0;0,148
25.07.2019 05:00;0,256;0;22,462;0;0;0,13;0;0,131
25.07.2019 06:00;0,26;0,5;22,151;0;0;0,1;0;0,103
25.07.2019 07:00;2,766;0;22,141;0,017;0;0,13;0;0,138
25.07.2019 08:00;3,506;0;23,792;0,182;0;0,46;0;0,488
25.07.2019 09:00;1,791;0,1;25,906;0,337;0;0,7;0;0,756
25.07.2019 10:00;0,256;0;27,587;0,464;0;1,07;0;1,157
25.07.2019 11:00;5,361;;28,561;0,563;0;1,35;0;1,459
25.07.2019 12:00;0,286;0;29,107;0,632;0;1,53;0;1,67
25.07.2019 13:00;0,725;0;29,475;0,67;0;1,65;0;1,797
25.07.2019 14:00;7,941;0;29,768;0,677;0;1,7;0;1,846
25.07.2019 15:00;0,736;0,1;30,005;0,654;0;1,67;0;1,815
25.07.2019 16:00;0,976;0;30,069;0,601;0;1,58;0;1,697
25.07.2019 17:00;0,286;0,2;30,004;0,519;0;1,41;0;1,509
25.07.2019 18:00;1,506;0;29,686;0,405;0;1,19;0;1,249
25.07.2019 19:00;9,936;0;28,995;0,263;0;0,9;0;0,93
25.07.2019 20:00;0,336;1,39;27,762;0,098;0;0,57;0;0,573
25.07.2019 21:00;0,896;1,39;25,512;0;0;0,24;0;0,233
25.07.2019 22:00;0,355;0;24,43;0;0;0,32;0;0,31
25.07.2019 23:00;0,301;0;23,729;0;0;0,25;0;0,246
26.07.2019 00:00;0,256;0;23,267;0;0;0,21;0;0,204
26.07.2019 01:00;0,256;0;22,88;0;0;0,17;0;0,169
26.07.2019 02:00;0,256;0;22,613;0;0;0,14;0;0,145
26.07.2019 03:00;0,256;0;22,434;0;0;0,13;0;0,129
26.07.2019 04:00;0,256;0;22,145;0;0;0,1;0;0,102
26.07.2019 05:00;0,256;0;21,605;0;0;0,05;0;0,053
26.07.2019 06:00;0,28;0;21,102;0;0;0;0;0,007
26.07.2019 07:00;1,856;0;21,056;0,016;0;0,02;0;0,039
26.07.2019 08:00;3,356;0,2;22,618;0,178;0;0,34;0;0,38
26.07.2019 09:00;1,331;1,39;24,049;0,284;0;0,64;0;0,692
26.07.2019 10:00;0,301;0;25,141;0,256;0;0,54;0;0,588
26.07.2019 11:00;0,301;0;26,267;0,345;0;0,77;0;0,835
26.07.2019 12:00;6,496;0;27,526;0,48;0;1,1;0;1,196
26.07.2019 13:00;0,25;0;28,822;0,615;0;1,47;0;1,605
26.07.2019 14:00;0,256;0;29,759;0,659;0;1,66;0;1,8
26.07.2019 15:00;0,451;0;30,256;0,648;0;1,69;0;1,823
26.07.2019 16:00;0,866;0,3;30,372;0,59;0;1,76;0;1,88
26.07.2019 17:00;0,276;0;30,185;0,5;0;1,4;0;1,489
26.07.2019 18:00;7,536;0;29,542;0,344;0;1,09;0;1,134
26.07.2019 19:00;0,336;0;28,557;0,137;0;0,72;0;0,725
26.07.2019 20:00;0,366;1,39;27,484;0,032;0;0,49;0;0,478
26.07.2019 21:00;0,436;0,1;25,938;0;0;0,28;0;0,27
26.07.2019 22:00;0,44;0;24,887;0;0;0,36;0;0,352
26.07.2019 23:00;0,376;0;23,785;0;0;0,26;0;0,251
27.07.2019 00:00;0,256;0;22,8;0;0;0,16;0;0,162
27.07.2019 01:00;0,256;0;21,957;0;0;0,08;0;0,085
27.07.2019 02:00;0,256;0;21,306;0;0;0,02;0;0,026
27.07.2019 03:00;0,256;0;20,894;0;0,02;0;0,011;0
27.07.2019 04:00;0,256;0;20,48;0;0,06;0;0,049;0
27.07.2019 05:00;0,261;0;20,103;0;0,1;0;0,083;0
27.07.2019 06:00;0,31;0;19,657;0;0,14;0;0,124;0
27.07.2019 07:00;0,401;0,2;19,449;0,02;0,13;0;0,106;0
27.07.2019 08:00;1,301;1,39;20,347;0,192;0;0,13;0;0,181
27.07.2019 09:00;4,676;1,39;21,705;0,348;0;0,3;0;0,38
27.07.2019 10:00;0,931;0;23,258;0,475;0;0,66;0;0,766
27.07.2019 11:00;2,896;0;24,602;0,569;0;0,96;0;1,092
27.07.2019 12:00;4,816;0;25,783;0,636;0;1,21;0;1,356
27.07.2019 13:00;0,72;0,5;26,79;0,668;0;1,56;0;1,712
27.07.2019 14:00;0,291;0;27,527;0,67;0;1,46;0;1,61
27.07.2019 15:00;1,516;0;27,988;0,643;0;1,45;0;1,593
27.07.2019 16:00;0,401;0;28,138;0,591;0;1,36;0;1,489
27.07.2019 17:00;0,471;0;27,942;0,505;0;1,19;0;1,287
27.07.2019 18:00;0,816;0;27,399;0,392;0;0,94;0;1,014
27.07.2019 19:00;4,341;0;26,498;0,254;0;0,65;0;0,688
27.07.2019 20:00;3,466;0,3;25,281;0,092;0;0,33;0;0,34
27.07.2019 21:00;0,966;0;23,929;0;0;0,09;0;0,089
27.07.2019 22:00;0,35;0;22,803;0;0;0,16;0;0,162
27.07.2019 23:00;0,316;0;21,819;0;0;0,07;0;0,073
28.07.2019 00:00;0,256;0;21,029;0;0,01;0;0;0,001
28.07.2019 01:00;0,256;0;20,494;0;0,06;0;0,048;0
28.07.2019 02:00;0,256;0;20,136;0;0,09;0;0,08;0
28.07.2019 03:00;0,256;0;19,864;0;0,12;0;0,105;0
28.07.2019 04:00;0,256;0;19,585;0;0,15;0;0,13;0
28.07.2019 05:00;0,256;0;19,349;0;0,17;0;0,152;0
28.07.2019 06:00;0,26;0;19,109;0;0,19;0;0,174;0
28.07.2019 07:00;3,606;0;19,161;0,014;0,16;0;0,136;0
28.07.2019 08:00;4,046;0,2;20,367;0,178;0;0,12;0;0,169
28.07.2019 09:00;0,351;0;22,234;0,337;0;0,34;0;0,415
28.07.2019 10:00;0,736;1,39;24,448;0,465;0;0,76;0;0,863
28.07.2019 11:00;5,361;0;26,026;0,564;0;1,1;0;1,22
28.07.2019 12:00;0,766;0;27,025;0,633;0;1,33;0;1,472
28.07.2019 13:00;0,245;0;27,771;0,67;0;1,48;0;1,635
28.07.2019 14:00;8,421;0;28,321;0,677;0;1,55;0;1,707
28.07.2019 15:00;0,256;0;28,634;0,654;0;1,54;0;1,683
28.07.2019 16:00;0,976;0;28,669;0,601;0;1,62;0;1,743
28.07.2019 17:00;0,286;0,4;28,517;0,518;0;1,27;0;1,368
28.07.2019 18:00;1,026;0;28,168;0,404;0;1,04;0;1,107
28.07.2019 19:00;10,416;1,39;27,546;0,263;0;0,76;0;0,797
28.07.2019 20:00;0,496;0;26,5;0,099;0;0,45;0;0,457
28.07.2019 21:00;0,456;0;24,521;0;0;0,15;0;0,142
28.07.2019 22:00;0,965;0;23,463;0;0;0,22;0;0,222
28.07.2019 23:00;0,301;0;22,813;0;0;0,16;0;0,163
29.07.2019 00:00;0,256;0;22,366;0;0;0,12;0;0,122
29.07.2019 01:00;0,256;0;21,809;0;0;0,07;0;0,072
29.07.2019 02:00;0,256;0;21,335;0;0;0,02;0;0,029
29.07.2019 03:00;0,256;0;20,962;0;0,01;0;0,005;0
29.07.2019 04:00;0,256;0;20,663;0;0,04;0;0,032;0
29.07.2019 05:00;0,256;0;20,359;0;0,07;0;0,06;0
29.07.2019 06:00;0,28;0;20,005;0;0,11;0;0,092;0
29.07.2019 07:00;0,436;0,2;19,954;0,014;0,08;0;0,064;0
29.07.2019 08:00;3,846;1,39;21,363;0,18;0;0,22;0;0,263
29.07.2019 09:00;1,891;0;23,251;0,335;0;0,44;0;0,508
29.07.2019 10:00;0,301;0,5;25,649;0,462;0;0,88;0;0,973
29.07.2019 11:00;0,301;0;27,594;0,56;0;1,25;0;1,364
29.07.2019 12:00;5,536;0;28,876;0,627;0;1,51;0;1,642
29.07.2019 13:00;0,73;0;29,77;0,664;0;1,67;0;1,819
29.07.2019 14:00;0,256;0;30,374;0,671;0;1,75;0;1,897
29.07.2019 15:00;0,931;0,1;30,719;0,647;0;1,92;0;2,055
29.07.2019 16:00;0,386;0;30,81;0,594;0;1,64;0;1,759
29.07.2019 17:00;0,276;0;30,788;0,51;0;1,48;0;1,572
29.07.2019 18:00;7,536;0,5;30,59;0,397;0;1,27;0;1,325
29.07.2019 19:00;0,366;0,1;30,088;0,258;0;1;0;1,026
29.07.2019 20:00;0,426;0;28,997;0,097;0;0,69;0;0,682
29.07.2019 21:00;0,836;1,39;26,701;0;0;0,36;0;0,34
29.07.2019 22:00;0,4;0;25,664;0;0;0,43;0;0,422
29.07.2019 23:00;0,286;0;24,746;0;0;0,35;0;0,339
30.07.2019 00:00;0,256;0;23,939;0;0;0,27;0;0,265
30.07.2019 01:00;0,256;0;23,327;0;0;0,21;0;0,21
30.07.2019 02:00;0,256;0;22,808;0;0;0,16;0;0,163
30.07.2019 03:00;0,256;0;22,37;0;0;0,12;0;0,123
30.07.2019 04:00;0,256;0;21,969;0;0;0,08;0;0,086
30.07.2019 05:00;0,261;0;21,561;0;0;0,04;0;0,049
30.07.2019 06:00;0,28;0,5;21,164;0;0;0;0;0,013
30.07.2019 07:00;1,801;0;21,126;0,015;0;0,03;0;0,043
30.07.2019 08:00;0,331;0;22,961;0,182;0;0,38;0;0,411
30.07.2019 09:00;5,586;0,1;24,996;0,333;0;0,61;0;0,668
30.07.2019 10:00;0,451;0;27,896;0,456;0;1,09;0;1,177
30.07.2019 11:00;2,416;;29,474;0,553;0;1,43;0;1,533
30.07.2019 12:00;5,776;0;30,114;0,621;0;1,62;0;1,751
30.07.2019 13:00;0,24;0;30,354;0,658;0;1,72;0;1,865
30.07.2019 14:00;0,291;0;30,427;0,661;0;1,92;0;2,062
30.07.2019 15:00;1,516;0,1;30,382;0,634;0;1,68;0;1,813
30.07.2019 16:00;0,881;0;30,18;0,576;0;1,55;0;1,66
30.07.2019 17:00;0,471;0,2;29,884;0,488;0;1,36;0;1,444
30.07.2019 18:00;0,816;0;29,447;0,369;0;1,12;0;1,171
30.07.2019 19:00;3,941;0;28,745;0,226;0;0,84;0;0,86
30.07.2019 20:00;3,426;1,39;27,359;0,071;0;0,51;0;0,509
30.07.2019 21:00;0,486;1,39;24,985;0;0;0,19;0;0,183
30.07.2019 22:00;0,36;0;23,853;0;0;0,26;0;0,258
30.07.2019 23:00;0,316;0;23,015;0;0;0,18;0;0,181
31.07.2019 00:00;0,256;0;22,118;0;0;0,1;0;0,1
31.07.2019 01:00;0,256;0;21,212;0;0;0,01;0;0,017
31.07.2019 02:00;0,256;0;20,545;0;0,05;0;0,043;0
31.07.2019 03:00;0,256;0;20,093;0;0,1;0;0,084;0
31.07.2019 04:00;0,256;0;19,941;0;0,11;0;0,098;0
31.07.2019 05:00;0,256;0;19,921;0;0,11;0;0,1;0
31.07.2019 06:00;0,26;0;20,001;0;0,11;0;0,093;0
31.07.2019 07:00;2,786;0;20,416;0,004;0,05;0;0,032;0
31.07.2019 08:00;4,016;0,2;21,962;0,125;0;0,23;0;0,265
31.07.2019 09:00;0,321;1,39;23,567;0,288;0;0,41;0;0,473
31.07.2019 10:00;0,736;0;24,716;0,418;0;0,72;0;0,811
31.07.2019 11:00;5,841;0;25,542;0,519;0;0,97;0;1,088
31.07.2019 12:00;0,286;0;26,487;0,597;0;1,21;0;1,347
31.07.2019 13:00;0,725;0;27,511;0,645;0;1,41;0;1,556
31.07.2019 14:00;7,941;0;28,239;0,659;0;1,69;0;1,841
31.07.2019 15:00;0,256;0;28,447;0,636;0;1,67;0;1,809
31.07.2019 16:00;0,976;0,3;28,311;0,582;0;1,37;0;1,493
31.07.2019 17:00;0,286;0;27,921;0,496;0;1,17;0;1,273
31.07.2019 18:00;1,506;0;27,131;0,379;0;0,9;0;0,97
31.07.2019 19:00;10,336;0;25,885;0,234;0;0,57;0;0,607
31.07.2019 20:00;0,376;1,39;24,239;0,074;0;0,22;0;0,227
31.07.2019 21:00;0,856;0,1;22,63;0;0,03;0;0,031;0
31.07.2019 22:00;0,445;0;21,686;0;0;0,05;0;0,061
31.07.2019 23:00;0,421;0;21,344;0;0;0,02;0;0,029
01.08.2019 00:00;0,256;0;21,297;0;0;0,02;0;0,025
01.08.2019 01:00;0,256;0;21,302;0;0;0,02;0;0,026
01.08.2019 02:00;0,256;0;21,172;0;0;0,01;0;0,014
01.08.2019 03:00;0,256;0;21,099;0;0;0;0;0,007
01.08.2019 04:00;0,256;0;21,089;0;0;0;0;0,006
01.08.2019 05:00;0,256;0;21,059;0;0,01;0;0;0,004
01.08.2019 06:00;0,31;0;20,941;0;0,02;0;0,007;0
01.08.2019 07:00;1,276;0,2;21,041;0,005;0;0,01;0;0,026
01.08.2019 08:00;4,296;1,39;22,571;0,146;0;0,31;0;0,341
01.08.2019 09:00;0,451;1,39;24,232;0,301;0;0,49;0;0,554
01.08.2019 10:00;0,781;0;25,627;0,429;0;0,83;0;0,917
01.08.2019 11:00;0,301;0;26,567;0,523;0;1,09;0;1,197
01.08.2019 12:00;6,016;0;27,36;0,603;0;1,31;0;1,446
01.08.2019 13:00;0,25;0,5;28,055;0,644;0;1,46;0;1,608
01.08.2019 14:00;0,736;0;28,653;0,652;0;1,72;0;1,868
01.08.2019 15:00;0,451;0;29,166;0,629;0;1,55;0;1,684
01.08.2019 16:00;0,386;0;29,53;0,574;0;1,48;0;1,596
01.08.2019 17:00;0,276;0;29,671;0,491;0;1,34;0;1,432
01.08.2019 18:00;7,056;0;29,499;0,376;0;1,13;0;1,189
01.08.2019 19:00;0,816;0;28,924;0,233;0;0,86;0;0,887
01.08.2019 20:00;0,406;0,3;27,731;0,074;0;0,55;0;0,545
01.08.2019 21:00;0,516;0;25,492;0;0;0,24;0;0,229
01.08.2019 22:00;0,86;0;24,404;0;0;0,31;0;0,308
01.08.2019 23:00;0,256;0;23,832;0;0;0,26;0;0,256
02.08.2019 00:00;0,256;0;23,397;0;0;0,22;0;0,216
02.08.2019 01:00;0,256;0;22,936;0;0;0,17;0;0,174
02.08.2019 02:00;0,256;0;22,411;0;0;0,12;0;0,126
02.08.2019 03:00;0,256;0;21,9;0;0;0,07;0;0,08
02.08.2019 04:00;0,256;0;21,439;0;0;0,03;0;0,038
02.08.2019 05:00;0,261;0;21,072;0;0;0;0;0,005
02.08.2019 06:00;0,28;0;20,839;0;0,03;0;0,016;0
02.08.2019 07:00;0,321;0;20,861;0,006;0;0;0;0,011
02.08.2019 08:00;0,911;0,2;22,447;0,158;0;0,31;0;0,34
02.08.2019 09:00;6,146;0;24,564;0,315;0;0,72;0;0,785
02.08.2019 10:00;0,451;1,39;27,514;0,443;0;1,04;0;1,121
02.08.2019 11:00;2,416;0;29,683;0,541;0;1,43;0;1,533
02.08.2019 12:00;4,816;0;30,96;0,608;0;1,87;0;1,991
02.08.2019 13:00;0,72;0;31,774;0,645;0;1,85;0;1,98
02.08.2019 14:00;0,291;0;32,171;0,65;0;1,9;0;2,034
02.08.2019 15:00;1,996;0;32,19;0,629;0;1,86;0;1,983
02.08.2019 16:00;0,401;0;31,907;0,577;0;1,73;0;1,835
02.08.2019 17:00;0,471;0,4;31,482;0,494;0;1,53;0;1,613
02.08.2019 18:00;0,816;0;30,791;0,382;0;1,27;0;1,321
02.08.2019 19:00;3,941;1,39;29,696;0,242;0;0,95;0;0,97
02.08.2019 20:00;3,546;0;27,647;0,081;0;0,55;0;0,543
02.08.2019 21:00;0,886;0;24,835;0;0;0,18;0;0,169
02.08.2019 22:00;0,41;0;23,417;0;0;0,22;0;0,218
02.08.2019 23:00;0,316;0;22,502;0;0;0,13;0;0,135
03.08.2019 00:00;0,256;0;21,876;0;0;0,07;0;0,078
03.08.2019 01:00;0,256;0;21,356;0;0;0,02;0;0,031
03.08.2019 02:00;0,256;0;20,942;0;0,02;0;0,007;0
03.08.2019 03:00;0,256;0;20,626;0;0,05;0;0,036;0
03.08.2019 04:00;0,256;0;20,458;0;0,06;0;0,051;0
03.08.2019 05:00;0,256;0;20,403;0;0,07;0;0,056;0
03.08.2019 06:00;0,26;0;20,417;0;0,07;0;0,055;0
03.08.2019 07:00;4,366;0,2;20,557;0,006;0,03;0;0,017;0
03.08.2019 08:00;2,986;1,39;21,846;0,158;0;0,25;0;0,285
03.08.2019 09:00;1,201;0;24,072;0,313;0;0,5;0;0,557
03.08.2019 10:00;0,256;0,5;26,209;0,441;0;0,91;0;0,996
03.08.2019 11:00;5,361;0;27,282;0,533;0;1,36;0;1,469
03.08.2019 12:00;1,246;0;27,971;0,602;0;1,38;0;1,508
03.08.2019 13:00;0,245;0;28,526;0,64;0;1,51;0;1,65
03.08.2019 14:00;7,941;0;28,949;0,65;0;1,57;0;1,716
03.08.2019 15:00;0,256;0,1;29,219;0,626;0;1,55;0;1,687
03.08.2019 16:00;1,456;0;29,3;0,571;0;1,45;0;1,571
03.08.2019 17:00;0,286;0;29,232;0,481;0;1,28;0;1,372
03.08.2019 18:00;1,506;0,5;29,004;0,365;0;1,07;0;1,125
03.08.2019 19:00;9,966;0,1;28,446;0,222;0;0,8;0;0,828
03.08.2019 20:00;0,396;0;27,393;0,066;0;0,51;0;0,506
03.08.2019 21:00;0,376;1,39;25,382;0;0;0,23;0;0,218
03.08.2019 22:00;0,485;0;24,174;0;0;0,29;0;0,287
03.08.2019 23:00;0,331;0;23,354;0;0;0,21;0;0,212
04.08.2019 00:00;0,256;0;22,807;0;0;0,16;0;0,162
04.08.2019 01:00;0,256;0;22,451;0;0;0,13;0;0,13
04.08.2019 02:00;0,256;0;22,225;0;0;0,11;0;0,11
04.08.2019 03:00;0,256;0;22,074;0;0;0,09;0;0,096
04.08.2019 04:00;0,256;0;21,969;0;0;0,08;0;0,086
04.08.2019 05:00;0,256;0;21,776;0;0;0,06;0;0,069
04.08.2019 06:00;0,28;0,5;21,525;0;0;0,04;0;0,046
04.08.2019 07:00;0,276;0;21,462;0,004;0;0,05;0;0,063
04.08.2019 08:00;4,326;0;23,059;0,153;0;0,36;0;0,391
04.08.2019 09:00;0,481;0,1;25,031;0,311;0;0,59;0;0,644
04.08.2019 10:00;0,781;0;27,597;0,44;0;1,04;0;1,126
04.08.2019 11:00;0,781;;29,644;0,538;0;1,42;0;1,528
04.08.2019 12:00;5,536;0;30,883;0,606;0;1,68;0;1,803
04.08.2019 13:00;0,73;0;31,632;0,645;0;1,84;0;1,968
04.08.2019 14:00;0,256;0;32,051;0,641;0;1,87;0;2,004
04.08.2019 15:00;0,451;0,1;32,329;0,62;0;1,86;0;1,98
04.08.2019 16:00;0,386;0;32,479;0,568;0;1,95;0;2,054
04.08.2019 17:00;0,276;0,2;32,347;0,48;0;1,59;0;1,67
04.08.2019 18:00;7,536;0;31,926;0,368;0;1,54;0;1,586
04.08.2019 19:00;0,736;0;31,2;0,229;0;1,08;0;1,093
04.08.2019 20:00;0,406;1,39;29,467;0,073;0;0,71;0;0,701
04.08.2019 21:00;1,036;1,39;26,772;0;0;0,36;0;0,344
04.08.2019 22:00;0,31;0;25,617;0;0;0,43;0;0,418
04.08.2019 23:00;0,256;0;24,812;0;0;0,35;0;0,345
05.08.2019 00:00;0,256;0;24,214;0;0;0,3;0;0,29
05.08.2019 01:00;0,256;0;23,712;0;0;0,25;0;0,245
05.08.2019 02:00;0,256;0;23,294;0;0;0,21;0;0,207
05.08.2019 03:00;0,256;0;22,979;0;0;0,18;0;0,178
05.08.2019 04:00;0,256;0;22,711;0;0;0,15;0;0,154
05.08.2019 05:00;0,261;0;22,39;0;0;0,12;0;0,125
05.08.2019 06:00;0,28;0;21,962;0;0;0,08;0;0,086
05.08.2019 07:00;1,221;0;21,764;0,004;0;0,08;0;0,09
05.08.2019 08:00;1,361;0,2;23,451;0,149;0;0,4;0;0,423
05.08.2019 09:00;4,676;1,39;25,392;0,305;0;0,62;0;0,671
05.08.2019 10:00;0,931;0;28,692;0,432;0;1,14;0;1,217
05.08.2019 11:00;2,416;0;30,219;0,529;0;1,47;0;1,566
05.08.2019 12:00;5,296;0;30,748;0,598;0;1,65;0;1,772
05.08.2019 13:00;0,24;0;31,053;0,635;0;1,76;0;1,891
05.08.2019 14:00;0,771;0;31,335;0,638;0;1,8;0;1,928
05.08.2019 15:00;1,516;0;31,567;0,615;0;1,77;0;1,897
05.08.2019 16:00;0,401;0,3;31,706;0,562;0;1,68;0;1,788
05.08.2019 17:00;0,471;0;31,663;0,478;0;1,52;0;1,601
05.08.2019 18:00;0,336;0;31,255;0,365;0;1,29;0;1,34
05.08.2019 19:00;4,421;0;30,468;0,226;0;1,01;0;1,021
05.08.2019 20:00;3,466;1,39;28,842;0,069;0;0,65;0;0,639
05.08.2019 21:00;0,326;0,1;26,219;0;0;0,31;0;0,294
05.08.2019 22:00;0,93;0;25,017;0;0;0,37;0;0,363
05.08.2019 23:00;0,436;0;24,243;0;0;0,3;0;0,293
06.08.2019 00:00;0,256;0;23,911;0;0;0,27;0;0,263
06.08.2019 01:00;0,256;0;23,573;0;0;0,23;0;0,232
06.08.2019 02:00;0,256;0;23,278;0;0;0,21;0;0,205
06.08.2019 03:00;0,256;0;23,071;0;0;0,19;0;0,186
06.08.2019 04:00;0,256;0;22,919;0;0;0,17;0;0,173
06.08.2019 05:00;0,256;0;22,714;0;0;0,15;0;0,154
06.08.2019 06:00;0,29;0;22,452;0;0;0,13;0;0,13
06.08.2019 07:00;2,886;0,2;22,463;0,003;0;0,15;0;0,152
06.08.2019 08:00;3,476;1,39;24,379;0,148;0;0,48;0;0,507
06.08.2019 09:00;1,761;1,39;26,369;0,304;0;0,71;0;0,761
06.08.2019 10:00;0,256;0;28,828;0,433;0;1,16;0;1,234
06.08.2019 11:00;5,361;0;30,411;0,533;0;1,49;0;1,594
06.08.2019 12:00;0,286;0;31,653;0,599;0;1,75;0;1,866
06.08.2019 13:00;0,725;0,5;32,505;0,635;0;1,91;0;2,036
06.08.2019 14:00;7,941;0;32,899;0,638;0;1,96;0;2,083
06.08.2019 15:00;0,736;0;33,165;0,614;0;1,93;0;2,052
06.08.2019 16:00;0,976;0;33,273;0,56;0;1,84;0;1,937
06.08.2019 17:00;0,286;0;33,232;0,469;0;1,67;0;1,735
06.08.2019 18:00;1,506;0;32,777;0,352;0;1,42;0;1,461
06.08.2019 19:00;9,936;0;31,822;0,211;0;1,12;0;1,127
06.08.2019 20:00;0,336;0,3;29,73;0,059;0;0,73;0;0,71
06.08.2019 21:00;0,896;0;26,981;0;0;0,38;0;0,362
06.08.2019 22:00;0,385;0;26,034;0;0;0,47;0;0,456
06.08.2019 23:00;0,301;0;25,265;0;0;0,4;0;0,386
07.08.2019 00:00;0,256;0;24,639;0;0;0,34;0;0,329
07.08.2019 01:00;0,256;0;24,191;0;0;0,29;0;0,288
07.08.2019 02:00;0,256;0;23,786;0;0;0,26;0;0,251
07.08.2019 03:00;0,256;0;23,443;0;0;0,22;0;0,22
07.08.2019 04:00;0,256;0;23,061;0;0;0,19;0;0,186
07.08.2019 05:00;0,256;0;22,644;0;0;0,15;0;0,148
07.08.2019 06:00;0,28;0;22,155;0;0;0,1;0;0,103
07.08.2019 07:00;1,796;0;21,883;0,001;0;0,09;0;0,097
07.08.2019 08:00;3,386;0,2;23,432;0,138;0;0,39;0;0,411
07.08.2019 09:00;1,361;0;25,354;0,3;0;0,61;0;0,661
07.08.2019 10:00;0,301;1,39;27,816;0,432;0;1,24;0;1,317
07.08.2019 11:00;0,301;0;29,448;0,53;0;1,39;0;1,495
07.08.2019 12:00;6,496;0;30,606;0,59;0;1,63;0;1,744
07.08.2019 13:00;0,25;0;31,5;0,61;0;1,76;0;1,879
07.08.2019 14:00;0,256;0;32,102;0,577;0;1,93;0;2,041
07.08.2019 15:00;0,451;0;32,554;0,547;0;1,74;0;1,838
07.08.2019 16:00;0,866;0;32,776;0,503;0;1,86;0;1,945
07.08.2019 17:00;0,276;0,4;32,663;0,417;0;1,52;0;1,577
07.08.2019 18:00;7,536;0;32,097;0,293;0;1,27;0;1,297
07.08.2019 19:00;0,336;1,39;31,121;0,144;0;0,98;0;0,971
07.08.2019 20:00;0,486;0;29,567;0,022;0;0,67;0;0,652
07.08.2019 21:00;0,556;0;27,784;0;0;0,46;0;0,435
07.08.2019 22:00;0,44;0;26,845;0;0;0,55;0;0,529
07.08.2019 23:00;0,256;0;26,185;0;0;0,48;0;0,469
08.08.2019 00:00;0,256;0;25,655;0;0;0,43;0;0,421
08.08.2019 01:00;0,256;0;25,076;0;0;0,38;0;0,369
08.08.2019 02:00;0,256;0;24,406;0;0;0,31;0;0,308
08.08.2019 03:00;0,256;0;23,8;0;0;0,26;0;0,253
08.08.2019 04:00;0,256;0;23,262;0;0;0,21;0;0,204
08.08.2019 05:00;0,261;0;22,835;0;0;0,16;0;0,165
08.08.2019 06:00;0,28;0;22,395;0;0;0,12;0;0,125
08.08.2019 07:00;0,401;0,2;22,161;0,001;0;0,12;0;0,122
08.08.2019 08:00;1,331;1,39;23,869;0,14;0;0,43;0;0,452
08.08.2019 09:00;4,676;0;25,807;0,294;0;0,64;0;0,695
08.08.2019 10:00;0,931;0,5;28,407;0,424;0;1,1;0;1,181
08.08.2019 11:00;2,896;0;30,642;0,524;0;1,5;0;1,602
08.08.2019 12:00;4,816;0;32,05;0,595;0;1,78;0;1,899
08.08.2019 13:00;0,72;0;32,851;0,634;0;1,95;0;2,071
08.08.2019 14:00;0,291;0;33,339;0,634;0;2;0;2,122
08.08.2019 15:00;1,516;0,1;33,699;0,613;0;2,17;0;2,286
08.08.2019 16:00;0,401;0;33,902;0,562;0;1,91;0;2,006
08.08.2019 17:00;0,471;0;33,735;0,475;0;1,73;0;1,8
08.08.2019 18:00;0,816;0,5;33,066;0,361;0;1,47;0;1,506
08.08.2019 19:00;4,371;0,1;31,96;0,219;0;1,14;0;1,15
08.08.2019 20:00;3,526;0;29,639;0,063;0;0,72;0;0,704
08.08.2019 21:00;0,846;1,39;26,893;0;0;0,37;0;0,354
08.08.2019 22:00;0,41;0;25,784;0;0;0,45;0;0,433
08.08.2019 23:00;0,346;0;25,002;0;0;0,37;0;0,362
09.08.2019 00:00;0,256;0;24,4;0;0;0,31;0;0,307
09.08.2019 01:00;0,256;0;23,801;0;0;0,26;0;0,253
09.08.2019 02:00;0,256;0;23,127;0;0;0,19;0;0,192
09.08.2019 03:00;0,256;0;22,503;0;0;0,13;0;0,135
09.08.2019 04:00;0,256;0;22,083;0;0;0,09;0;0,097
09.08.2019 05:00;0,256;0;21,8;0;0;0,07;0;0,071
09.08.2019 06:00;0,26;0,5;21,544;0;0;0,04;0;0,048
09.08.2019 07:00;3,606;0;21,411;0;0;0,04;0;0,052
09.08.2019 08:00;3,986;0;22,813;0,135;0;0,32;0;0,35
09.08.2019 09:00;0,351;0,1;24,774;0,295;0;0,54;0;0,601
09.08.2019 10:00;0,736;0;27,243;0,427;0;1;0;1,077
09.08.2019 11:00;5,361;;29,19;0,529;0;1,55;0;1,655
09.08.2019 12:00;0,766;0;30,646;0,599;0;1,65;0;1,772
09.08.2019 13:00;0,245;0;31,706;0,636;0;1,83;0;1,964
09.08.2019 14:00;8,421;0;32,443;0,636;0;1,91;0;2,04
09.08.2019 15:00;0,256;0,1;32,914;0,611;0;1,91;0;2,026
09.08.2019 16:00;0,976;0;33,101;0,554;0;1,81;0;1,913
09.08.2019 17:00;0,286;0,2;32,943;0,465;0;1,63;0;1,705
09.08.2019 18:00;1,026;0;32,411;0,346;0;1,38;0;1,42
09.08.2019 19:00;10,416;0;31,45;0,202;0;1,07;0;1,081
09.08.2019 20:00;0,376;1,39;29,779;0,051;0;0,72;0;0,705
09.08.2019 21:00;0,456;1,39;27,445;0;0;0,42;0;0,404
09.08.2019 22:00;0,875;0;26,257;0;0;0,49;0;0,476
09.08.2019 23:00;0,301;0;25,171;0;0;0,39;0;0,377
10.08.2019 00:00;0,256;0;24,215;0;0;0,3;0;0,29
10.08.2019 01:00;0,256;0;23,453;0;0;0,22;0;0,221
10.08.2019 02:00;0,256;0;22,888;0;0;0,17;0;0,17
10.08.2019 03:00;0,256;0;22,485;0;0;0,13;0;0,133
10.08.2019 04:00;0,256;0;22,183;0;0;0,1;0;0,106
10.08.2019 05:00;0,256;0;21,863;0;0;0,07;0;0,077
10.08.2019 06:00;0,28;0;21,515;0;0;0,04;0;0,045
10.08.2019 07:00;0,376;0;21,293;0;0;0,03;0;0,041
10.08.2019 08:00;3,876;0,2;22,291;0,135;0;0,27;0;0,302
10.08.2019 09:00;1,891;1,39;24,386;0,292;0;0,68;0;0,742
10.08.2019 10:00;0,301;0;26,72;0,423;0;0,94;0;1,022
10.08.2019 11:00;0,301;0;28,524;0,523;0;1,29;0;1,4
10.08.2019 12:00;5,536;0;30,132;0,59;0;1,76;0;1,884
10.08.2019 13:00;0,73;0;31,292;0,626;0;1,77;0;1,903
10.08.2019 14:00;0,256;0;32,045;0,63;0;2,04;0;2,167
10.08.2019 15:00;0,931;0;32,518;0,606;0;1,86;0;1,978
10.08.2019 16:00;0,386;0,3;32,763;0,552;0;1,96;0;2,058
10.08.2019 17:00;0,276;0;32,743;0,46;0;1,61;0;1,677
10.08.2019 18:00;7,536;0;32,475;0,345;0;1,39;0;1,424
10.08.2019 19:00;0,336;0;31,821;0,203;0;1,11;0;1,116
10.08.2019 20:00;0,366;1,39;30,371;0,05;0;0,78;0;0,758
10.08.2019 21:00;0,836;0,1;28,156;0;0;0,49;0;0,469
10.08.2019 22:00;0,4;0;26,994;0;0;0,56;0;0,543
10.08.2019 23:00;0,376;0;25,926;0;0;0,46;0;0,446
11.08.2019 00:00;0,256;0;24,966;0;0;0,37;0;0,359
11.08.2019 01:00;0,256;0;24,147;0;0;0,29;0;0,284
11.08.2019 02:00;0,256;0;23,475;0;0;0,23;0;0,223
11.08.2019 03:00;0,256;0;22,864;0;0;0,17;0;0,168
11.08.2019 04:00;0,256;0;22,311;0;0;0,11;0;0,117
11.08.2019 05:00;0,261;0;21,816;0;0;0,07;0;0,072
11.08.2019 06:00;0,31;0;21,377;0;0;0,02;0;0,032
11.08.2019 07:00;1,921;0,2;21,15;0;0;0,02;0;0,026
11.08.2019 08:00;0,301;1,39;22,394;0,132;0;0,28;0;0,308
11.08.2019 09:00;5,556;1,39;24,182;0,292;0;0,49;0;0,544
11.08.2019 10:00;0,451;0;26,278;0,426;0;1,08;0;1,166
11.08.2019 11:00;2,416;0;27,865;0,527;0;1,24;0;1,345
11.08.2019 12:00;5,776;0;29,02;0,596;0;1,48;0;1,612
11.08.2019 13:00;0,24;0,5;29,855;0,634;0;1,64;0;1,782
11.08.2019 14:00;0,291;0;30,381;0,631;0;1,87;0;2,009
11.08.2019 15:00;1,516;0;30,682;0,611;0;1,86;0;1,99
11.08.2019 16:00;0,881;0;30,737;0,556;0;1,76;0;1,872
11.08.2019 17:00;0,471;0;30,51;0,465;0;1,57;0;1,655
11.08.2019 18:00;0,816;0;29,966;0,341;0;1,14;0;1,184
11.08.2019 19:00;3,941;0;29,025;0,184;0;0,82;0;0,832
11.08.2019 20:00;3,426;0,3;27,673;0,042;0;0,51;0;0,503
11.08.2019 21:00;0,486;0;25,89;0;0;0,28;0;0,263
11.08.2019 22:00;0,39;0;24,94;0;0;0,37;0;0,356
11.08.2019 23:00;0,316;0;24,241;0;0;0,3;0;0,293
12.08.2019 00:00;0,256;0;23,569;0;0;0,23;0;0,232
12.08.2019 01:00;0,256;0;22,838;0;0;0,16;0;0,165
12.08.2019 02:00;0,256;0;22,112;0;0;0,1;0;0,099
12.08.2019 03:00;0,256;0;21,526;0;0;0,04;0;0,046
12.08.2019 04:00;0,256;0;21,028;0;0,01;0;0;0,001
12.08.2019 05:00;0,256;0;20,57;0;0,05;0;0,041;0
12.08.2019 06:00;0,26;0;20,151;0;0,09;0;0,079;0
12.08.2019 07:00;2,726;0;19,829;0;0,11;0;0,093;0
12.08.2019 08:00;4,046;0,2;20,726;0,141;0;0,13;0;0,164
12.08.2019 09:00;0,351;0;22,59;0,288;0;0,33;0;0,392
12.08.2019 10:00;0,736;1,39;24,382;0,385;0;0,65;0;0,736
12.08.2019 11:00;5,841;0;25,349;0,423;0;0,81;0;0,899
12.08.2019 12:00;0,286;0;26,058;0,438;0;1,08;0;1,17
12.08.2019 13:00;0,725;0;27,2;0,473;0;1,07;0;1,165
12.08.2019 14:00;7,941;0;28,699;0,561;0;1,38;0;1,5
12.08.2019 15:00;0,256;0;29,961;0,616;0;1,8;0;1,931
12.08.2019 16:00;0,976;0;30,676;0,578;0;1,62;0;1,736
12.08.2019 17:00;0,286;0,4;30,77;0,488;0;1,46;0;1,548
12.08.2019 18:00;1,506;0;30,478;0,37;0;1,23;0;1,282
12.08.2019 19:00;10,336;1,39;29,833;0,223;0;0,94;0;0,961
12.08.2019 20:00;0,496;0;27,707;0,059;0;0,53;0;0,522
12.08.2019 21:00;0,976;0;25,447;0;0;0,23;0;0,222
12.08.2019 22:00;0,445;0;24,905;0;0;0,36;0;0,353
12.08.2019 23:00;0,301;0;24,662;0;0;0,34;0;0,331
13.08.2019 00:00;0,256;0;23,77;0;0;0,25;0;0,25
13.08.2019 01:00;0,256;0;22,63;0;0;0,14;0;0,146
13.08.2019 02:00;0,256;0;21,585;0;0;0,04;0;0,051
13.08.2019 03:00;0,256;0;20,81;0;0,03;0;0,019;0
13.08.2019 04:00;0,256;0;20,4;0;0,07;0;0,056;0
13.08.2019 05:00;0,256;0;19,79;0;0,13;0;0,112;0
13.08.2019 06:00;0,28;0;19,482;0;0,16;0;0,14;0
13.08.2019 07:00;1,276;0,2;19,766;0;0,12;0;0,102;0
13.08.2019 08:00;4,326;1,39;21,386;0,108;0;0,16;0;0,191
13.08.2019 09:00;0,451;0;23,23;0,261;0;0,36;0;0,412
13.08.2019 10:00;0,781;0,5;24,976;0,401;0;0,74;0;0,823
13.08.2019 11:00;0,301;0;26,29;0,518;0;1,07;0;1,18
13.08.2019 12:00;6,016;0;27,226;0,596;0;1,31;0;1,441
13.08.2019 13:00;0,25;0;27,844;0,637;0;1,45;0;1,595
13.08.2019 14:00;0,736;0;28,181;0,645;0;1,5;0;1,648
13.08.2019 15:00;0,451;0,1;28,357;0,62;0;1,47;0;1,608
13.08.2019 16:00;0,386;0;28,299;0,564;0;1,35;0;1,476
13.08.2019 17:00;0,276;0;28,07;0,474;0;1,17;0;1,264
13.08.2019 18:00;7,056;0,5;27,665;0,355;0;0,93;0;0,993
13.08.2019 19:00;0,846;0,1;26,95;0,207;0;0,65;0;0,674
13.08.2019 20:00;0,466;0;25,565;0,049;0;0,32;0;0,317
13.08.2019 21:00;0,396;1,39;23,737;0;0;0,07;0;0,067
13.08.2019 22:00;0,92;0;22,579;0;0;0,14;0;0,142
13.08.2019 23:00;0,286;0;22,024;0;0;0,09;0;0,091
14.08.2019 00:00;0,256;0;21,73;0;0;0,06;0;0,065
14.08.2019 01:00;0,256;0;21,537;0;0;0,04;0;0,047
14.08.2019 02:00;0,256;0;21,463;0;0;0,03;0;0,04
14.08.2019 03:00;0,256;0;21,358;0;0;0,02;0;0,031
14.08.2019 04:00;0,256;0;21,186;0;0;0,01;0;0,015
14.08.2019 05:00;0,261;0;20,904;0;0,02;0;0,011;0
14.08.2019 06:00;0,28;0,5;20,674;0;0,04;0;0,031;0
14.08.2019 07:00;0,321;0;20,548;0;0,05;0;0,032;0
14.08.2019 08:00;0,851;0;21,545;0,113;0;0,18;0;0,211
14.08.2019 09:00;6,146;0,1;23,033;0,277;0;0,54;0;0,598
14.08.2019 10:00;0,451;0;24,924;0,416;0;0,76;0;0,846
14.08.2019 11:00;2,416;;26,441;0,521;0;1,09;0;1,203
14.08.2019 12:00;4,816;0;27,355;0,594;0;1,32;0;1,45
14.08.2019 13:00;0,72;0;28,029;0,634;0;1,46;0;1,61
14.08.2019 14:00;0,291;0;28,489;0,644;0;1,53;0;1,679
14.08.2019 15:00;1,996;0,1;28,725;0,621;0;1,51;0;1,648
14.08.2019 16:00;0,401;0;28,792;0,565;0;1,41;0;1,529
14.08.2019 17:00;0,471;0,2;28,739;0,478;0;1,24;0;1,338
14.08.2019 18:00;0,816;0;28,553;0,36;0;1,03;0;1,088
14.08.2019 19:00;3,941;0;28,128;0,215;0;0,77;0;0,794
14.08.2019 20:00;3,426;1,39;26,957;0,055;0;0,45;0;0,449
14.08.2019 21:00;0,886;1,39;24,905;0;0;0,18;0;0,173
14.08.2019 22:00;0,32;0;23,81;0;0;0,26;0;0,254
14.08.2019 23:00;0,316;0;23,036;0;0;0,18;0;0,183
15.08.2019 00:00;0,256;0;22,457;0;0;0,13;0;0,131
15.08.2019 01:00;0,256;0;21,924;0;0;0,08;0;0,082
15.08.2019 02:00;0,256;0;21,436;0;0;0,03;0;0,038
15.08.2019 03:00;0,256;0;21,1;0;0;0;0;0,007
15.08.2019 04:00;0,256;0;20,908;0;0,02;0;0,01;0
15.08.2019 05:00;0,256;0;20,801;0;0,03;0;0,02;0
15.08.2019 06:00;0,26;0;20,738;0;0,04;0;0,026;0
15.08.2019 07:00;4,306;0;20,848;0;0,02;0;0,004;0
15.08.2019 08:00;3,016;0,2;22,416;0,129;0;0,28;0;0,306
15.08.2019 09:00;1,201;1,39;24,543;0,287;0;0,52;0;0,575
15.08.2019 10:00;0,256;0;27,085;0,419;0;0,98;0;1,058
15.08.2019 11:00;5,361;0;28,521;0,522;0;1,3;0;1,407
15.08.2019 12:00;1,246;0;29,161;0,593;0;1,5;0;1,629
15.08.2019 13:00;0,245;0;29,668;0,633;0;1,63;0;1,771
15.08.2019 14:00;7,941;0;29,962;0,636;0;1,85;0;1,989
15.08.2019 15:00;0,256;0;30,068;0,612;0;1,63;0;1,763
15.08.2019 16:00;1,456;0,3;29,997;0,556;0;1,52;0;1,629
15.08.2019 17:00;0,286;0;29,838;0,47;0;1,34;0;1,429
15.08.2019 18:00;1,506;0;29,481;0,352;0;1,11;0;1,162
15.08.2019 19:00;9,936;0;28,844;0,206;0;0,83;0;0,848
15.08.2019 20:00;0,336;1,39;27,39;0,049;0;0,49;0;0,481
15.08.2019 21:00;0,376;0,1;25,272;0;0;0,22;0;0,207
15.08.2019 22:00;0,485;0;24,3;0;0;0,3;0;0,298
15.08.2019 23:00;0,421;0;23,634;0;0;0,24;0;0,238
16.08.2019 00:00;0,256;0;23,319;0;0;0,21;0;0,209
16.08.2019 01:00;0,256;0;23,193;0;0;0,2;0;0,198
16.08.2019 02:00;0,256;0;23,118;0;0;0,19;0;0,191
16.08.2019 03:00;0,256;0;23,025;0;0;0,18;0;0,182
16.08.2019 04:00;0,256;0;22,965;0;0;0,18;0;0,177
16.08.2019 05:00;0,256;0;22,771;0;0;0,16;0;0,159
16.08.2019 06:00;0,31;0;22,485;0;0;0,13;0;0,133
16.08.2019 07:00;0,396;0,2;22,278;0;0;0,12;0;0,124
16.08.2019 08:00;4,296;1,39;23,359;0,119;0;0,36;0;0,383
16.08.2019 09:00;0,451;1,39;25,069;0,277;0;0,56;0;0,61
16.08.2019 10:00;0,781;0;26,867;0,411;0;0,94;0;1,025
16.08.2019 11:00;0,781;0;28,403;0,514;0;1,28;0;1,382
16.08.2019 12:00;5,536;0;29,261;0,586;0;1,68;0;1,805
16.08.2019 13:00;0,73;0,5;29,682;0,627;0;1,62;0;1,761
16.08.2019 14:00;0,256;0;29,989;0,636;0;1,67;0;1,812
16.08.2019 15:00;0,451;0;30,211;0,612;0;1,83;0;1,959
16.08.2019 16:00;0,386;0;30,211;0,557;0;1,54;0;1,653
16.08.2019 17:00;0,276;0;30,095;0,47;0;1,37;0;1,454
16.08.2019 18:00;7,536;0;29,726;0,352;0;1,13;0;1,186
16.08.2019 19:00;0,736;0;29,057;0,207;0;0,85;0;0,868
16.08.2019 20:00;0,406;0,3;27,617;0,049;0;0,51;0;0,501
16.08.2019 21:00;1,036;0;25,472;0;0;0,24;0;0,225
16.08.2019 22:00;0,34;0;24,568;0;0;0,33;0;0,323
16.08.2019 23:00;0,256;0;23,994;0;0;0,28;0;0,27
17.08.2019 00:00;0,256;0;23,679;0;0;0,24;0;0,242
17.08.2019 01:00;0,256;0;23,5;0;0;0,23;0;0,225
17.08.2019 02:00;0,256;0;23,316;0;0;0,21;0;0,209
17.08.2019 03:00;0,256;0;23,126;0;0;0,19;0;0,191
17.08.2019 04:00;0,256;0;23,012;0;0;0,18;0;0,181
17.08.2019 05:00;0,261;0;22,878;0;0;0,17;0;0,169
17.08.2019 06:00;0,28;0;22,686;0;0;0,15;0;0,151
17.08.2019 07:00;1,161;0;22,586;0;0;0,15;0;0,152
17.08.2019 08:00;1,391;0,2;23,796;0,12;0;0,4;0;0,423
17.08.2019 09:00;4,706;0;25,84;0,277;0;0,81;0;0,863
17.08.2019 10:00;0,931;1,39;28,499;0,409;0;1,1;0;1,177
17.08.2019 11:00;2,416;0;30,044;0,512;0;1,44;0;1,538
17.08.2019 12:00;5,296;0;30,487;0,585;0;1,62;0;1,744
17.08.2019 13:00;0,24;0;30,862;0,625;0;1,74;0;1,876
17.08.2019 14:00;0,771;0;31,089;0,63;0;1,78;0;1,911
17.08.2019 15:00;1,516;0;31,003;0,608;0;1,9;0;2,029
17.08.2019 16:00;0,401;0;30,756;0,554;0;1,59;0;1,701
17.08.2019 17:00;0,471;0,4;30,555;0,468;0;1,41;0;1,497
17.08.2019 18:00;0,336;0;30,227;0,351;0;1,18;0;1,233
17.08.2019 19:00;4,421;1,39;29,606;0,206;0;0,9;0;0,918
17.08.2019 20:00;3,586;0;28,057;0,048;0;0,55;0;0,54
17.08.2019 21:00;0,446;0;26,165;0;0;0,3;0;0,288
17.08.2019 22:00;0,93;0;25,745;0;0;0,44;0;0,43
17.08.2019 23:00;0,316;0;25,555;0;0;0,42;0;0,412
18.08.2019 00:00;0,256;0;25,467;0;0;0,42;0;0,404
18.08.2019 01:00;0,256;0;25,425;0;0;0,41;0;0,4
18.08.2019 02:00;0,256;0;25,303;0;0;0,4;0;0,389
18.08.2019 03:00;0,256;0;25,273;0;0;0,4;0;0,387
18.08.2019 04:00;0,256;0;25,207;0;0;0,39;0;0,381
18.08.2019 05:00;0,256;0;24,973;0;0;0,37;0;0,359
18.08.2019 06:00;0,26;0;24,57;0;0;0,33;0;0,323
18.08.2019 07:00;2,886;0,2;24,317;0;0;0,31;0;0,308
18.08.2019 08:00;3,506;1,39;25,2;0,113;0;0,53;0;0,544
18.08.2019 09:00;1,761;0;26,798;0,27;0;0,72;0;0,763
18.08.2019 10:00;0,256;0,5;28,805;0,403;0;1,13;0;1,198
18.08.2019 11:00;5,361;0;29,992;0,508;0;1,43;0;1,526
18.08.2019 12:00;0,286;0;30,958;0,58;0;1,66;0;1,781
18.08.2019 13:00;0,725;0;31,749;0,619;0;1,82;0;1,952
18.08.2019 14:00;7,941;0;32,339;0,627;0;1,9;0;2,029
18.08.2019 15:00;0,736;0,1;32,709;0,604;0;1,89;0;2,01
18.08.2019 16:00;0,976;0;32,844;0,549;0;1,97;0;2,075
18.08.2019 17:00;0,286;0;32,773;0,462;0;1,63;0;1,699
18.08.2019 18:00;1,506;0,5;32,425;0,345;0;1,39;0;1,43
18.08.2019 19:00;9,966;0,1;31,74;0,2;0;1,1;0;1,108
18.08.2019 20:00;0,396;0;30,033;0,045;0;0,74;0;0,716
18.08.2019 21:00;0,776;1,39;27,99;0;0;0,48;0;0,454
18.08.2019 22:00;0,445;0;26,987;0;0;0,56;0;0,542
18.08.2019 23:00;0,331;0;26,101;0;0;0,48;0;0,462
19.08.2019 00:00;0,256;0;25,343;0;0;0,4;0;0,393
19.08.2019 01:00;0,256;0;24,585;0;0;0,33;0;0,324
19.08.2019 02:00;0,256;0;23,925;0;0;0,27;0;0,264
19.08.2019 03:00;0,256;0;23,398;0;0;0,22;0;0,216
19.08.2019 04:00;0,256;0;22,981;0;0;0,18;0;0,178
19.08.2019 05:00;0,256;0;22,605;0;0;0,14;0;0,144
19.08.2019 06:00;0,28;0,5;22,261;0;0;0,11;0;0,113
19.08.2019 07:00;1,796;0;22,052;0;0;0,1;0;0,102
19.08.2019 08:00;3,326;0;23,618;0,121;0;0,39;0;0,407
19.08.2019 09:00;1,361;0,1;25,698;0,279;0;0,63;0;0,676
19.08.2019 10:00;0,301;0;28,224;0,413;0;1,09;0;1,162
19.08.2019 11:00;0,301;;30,04;0,515;0;1,45;0;1,549
19.08.2019 12:00;6,496;0;31,295;0,586;0;1,71;0;1,831
19.08.2019 13:00;0,25;0;32,183;0,625;0;1,88;0;2,011
19.08.2019 14:00;0,256;0;32,742;0,633;0;1,95;0;2,085
19.08.2019 15:00;0,451;0,1;32,969;0,608;0;1,93;0;2,048
19.08.2019 16:00;0,866;0;32,9;0,552;0;1,81;0;1,91
19.08.2019 17:00;0,276;0,2;32,698;0,462;0;1,62;0;1,694
19.08.2019 18:00;7,536;0;32,277;0,343;0;1,37;0;1,415
19.08.2019 19:00;0,336;0;31,506;0,198;0;1,08;0;1,084
19.08.2019 20:00;0,366;1,39;29,733;0,043;0;0,71;0;0,686
19.08.2019 21:00;0,556;1,39;27,568;0;0;0,44;0;0,415
19.08.2019 22:00;0,35;0;26,497;0;0;0,51;0;0,498
19.08.2019 23:00;0,256;0;25,501;0;0;0,42;0;0,407
20.08.2019 00:00;0,256;0;24,607;0;0;0,33;0;0,326
20.08.2019 01:00;0,256;0;23,857;0;0;0,26;0;0,258
20.08.2019 02:00;0,256;0;23,246;0;0;0,2;0;0,202
20.08.2019 03:00;0,256;0;22,775;0;0;0,16;0;0,16
20.08.2019 04:00;0,256;0;22,391;0;0;0,12;0;0,125
20.08.2019 05:00;0,261;0;22,017;0;0;0,09;0;0,091
20.08.2019 06:00;0,28;0;21,563;0;0;0,04;0;0,049
20.08.2019 07:00;0,341;0;21,162;0;0;0,01;0;0,02
20.08.2019 08:00;1,361;0,2;22,267;0,114;0;0,25;0;0,276
20.08.2019 09:00;4,676;1,39;23,968;0,273;0;0,63;0;0,686
20.08.2019 10:00;0,931;0;26,252;0,403;0;0,88;0;0,96
20.08.2019 11:00;2,896;0;27,658;0,508;0;1,38;0;1,487
20.08.2019 12:00;4,816;0;28,352;0,579;0;1,4;0;1,53
20.08.2019 13:00;0,72;0;28,961;0,618;0;1,54;0;1,679
20.08.2019 14:00;0,291;0;29,426;0,627;0;1,61;0;1,746
20.08.2019 15:00;1,516;0;29,682;0,604;0;1,59;0;1,719
20.08.2019 16:00;0,401;0,3;29,679;0,548;0;1,66;0;1,771
20.08.2019 17:00;0,471;0;29,495;0,458;0;1,48;0;1,562
20.08.2019 18:00;0,816;0;29,007;0,339;0;1,05;0;1,103
20.08.2019 19:00;4,341;0;28,148;0,193;0;0,75;0;0,768
20.08.2019 20:00;3,466;1,39;26,529;0,039;0;0,4;0;0,39
20.08.2019 21:00;0,846;0,1;24,528;0;0;0,15;0;0,139
20.08.2019 22:00;0,41;0;23,362;0;0;0,21;0;0,213
20.08.2019 23:00;0,436;0;22,549;0;0;0,14;0;0,139
21.08.2019 00:00;0,256;0;22,021;0;0;0,09;0;0,091
21.08.2019 01:00;0,256;0;21,865;0;0;0,07;0;0,077
21.08.2019 02:00;0,256;0;21,83;0;0;0,07;0;0,074
21.08.2019 03:00;0,256;0;21,881;0;0;0,07;0;0,078
21.08.2019 04:00;0,256;0;22,018;0;0;0,09;0;0,091
21.08.2019 05:00;0,256;0;22,133;0;0;0,1;0;0,101
21.08.2019 06:00;0,29;0;22,202;0;0;0,1;0;0,107
21.08.2019 07:00;3,726;0,2;22,172;0;0;0,11;0;0,11
21.08.2019 08:00;3,956;1,39;22,93;0,088;0;0,29;0;0,311
21.08.2019 09:00;0,321;1,39;24,071;0,244;0;0,42;0;0,474
21.08.2019 10:00;0,736;0;25,337;0,39;0;0,95;0;1,032
21.08.2019 11:00;5,361;0;26,421;0,494;0;1,05;0;1,162
21.08.2019 12:00;0,766;0;27,162;0,571;0;1,27;0;1,398
21.08.2019 13:00;0,245;0,5;27,593;0,613;0;1,57;0;1,715
21.08.2019 14:00;8,421;0;27,783;0,621;0;1,43;0;1,572
21.08.2019 15:00;0,256;0;27,777;0,598;0;1,38;0;1,519
21.08.2019 16:00;0,976;0;27,615;0,542;0;1,26;0;1,379
21.08.2019 17:00;0,286;0;27,345;0,452;0;1,07;0;1,166
21.08.2019 18:00;1,026;0;26,919;0,33;0;0,83;0;0,893
21.08.2019 19:00;10,416;0;26,223;0,18;0;0,55;0;0,572
21.08.2019 20:00;0,376;0,3;25,237;0,03;0;0,26;0;0,262
21.08.2019 21:00;0,456;0;24,034;0;0;0,1;0;0,094
21.08.2019 22:00;0,905;0;23,072;0;0;0,19;0;0,187
21.08.2019 23:00;0,301;0;22,526;0;0;0,13;0;0,137
22.08.2019 00:00;0,256;0;22,242;0;0;0,11;0;0,111
22.08.2019 01:00;0,256;0;22,097;0;0;0,09;0;0,098
22.08.2019 02:00;0,256;0;22,023;0;0;0,09;0;0,091
22.08.2019 03:00;0,256;0;21,948;0;0;0,08;0;0,084
22.08.2019 04:00;0,256;0;21,826;0;0;0,07;0;0,073
22.08.2019 05:00;0,256;0;21,676;0;0;0,05;0;0,06
22.08.2019 06:00;0,28;0;21,518;0;0;0,04;0;0,045
22.08.2019 07:00;0,316;0;21,417;0;0;0,03;0;0,04
22.08.2019 08:00;3,906;0,2;21,999;0,08;0;0,19;0;0,216
22.08.2019 09:00;1,921;0;23,309;0,245;0;0,53;0;0,586
22.08.2019 10:00;0,301;1,39;24,841;0,387;0;0,72;0;0,801
22.08.2019 11:00;0,301;0;26,096;0,495;0;1,2;0;1,315
22.08.2019 12:00;5,536;0;26,941;0,57;0;1,25;0;1,377
22.08.2019 13:00;0,73;0;27,459;0,612;0;1,38;0;1,522
22.08.2019 14:00;0,256;0;27,61;0,617;0;1,4;0;1,549
22.08.2019 15:00;0,931;0;27,534;0,594;0;1,35;0;1,489
22.08.2019 16:00;0,386;0;27,324;0,541;0;1,23;0;1,351
22.08.2019 17:00;0,276;0,4;26,923;0,453;0;1,03;0;1,129
22.08.2019 18:00;7,536;0;26,29;0,331;0;0,77;0;0,837
22.08.2019 19:00;0,336;1,39;25,334;0,184;0;0,47;0;0,497
22.08.2019 20:00;0,486;0;24,022;0,033;0;0,15;0;0,154
22.08.2019 21:00;0,956;0;22,767;0;0,02;0;0,021;0
22.08.2019 22:00;0,4;0;22,075;0;0;0,09;0;0,096
22.08.2019 23:00;0,256;0;21,866;0;0;0,07;0;0,077
23.08.2019 00:00;0,256;0;21,79;0;0;0,06;0;0,07
23.08.2019 01:00;0,256;0;21,674;0;0;0,05;0;0,059
23.08.2019 02:00;0,256;0;21,534;0;0;0,04;0;0,047
23.08.2019 03:00;0,256;0;21,4;0;0;0,03;0;0,035
23.08.2019 04:00;0,256;0;21,237;0;0;0,01;0;0,02
23.08.2019 05:00;0,261;0;20,887;0;0,02;0;0,012;0
23.08.2019 06:00;0,28;0;20,533;0;0,06;0;0,044;0
23.08.2019 07:00;1,921;0,2;20,309;0;0,07;0;0,06;0
23.08.2019 08:00;0,331;1,39;21,641;0,097;0;0,17;0;0,201
23.08.2019 09:00;5,556;0;23,359;0,256;0;0,37;0;0,428
23.08.2019 10:00;0,451;0,5;25,021;0,393;0;0,75;0;0,833
23.08.2019 11:00;2,416;0;26,211;0,501;0;1,05;0;1,162
23.08.2019 12:00;5,776;0;27,041;0,576;0;1,45;0;1,583
23.08.2019 13:00;0,24;0;27,636;0,617;0;1,41;0;1,554
23.08.2019 14:00;0,291;0;27,997;0,626;0;1,47;0;1,612
23.08.2019 15:00;1,516;0,1;28,145;0,602;0;1,43;0;1,57
23.08.2019 16:00;0,881;0;28,081;0,544;0;1,5;0;1,615
23.08.2019 17:00;0,471;0;27,723;0,454;0;1,12;0;1,212
23.08.2019 18:00;0,816;0,5;27,001;0,333;0;0,85;0;0,909
23.08.2019 19:00;3,971;0,1;25,898;0,185;0;0,52;0;0,551
23.08.2019 20:00;3,486;0;24,348;0,033;0;0,18;0;0,183
23.08.2019 21:00;0,366;1,39;22,797;0;0,02;0;0,018;0
23.08.2019 22:00;0,45;0;21,901;0;0;0,07;0;0,08
23.08.2019 23:00;0,346;0;21,387;0;0;0,03;0;0,033
24.08.2019 00:00;0,256;0;21,091;0;0;0;0;0,006
24.08.2019 01:00;0,256;0;20,87;0;0,02;0;0,014;0
24.08.2019 02:00;0,256;0;20,718;0;0,04;0;0,027;0
24.08.2019 03:00;0,256;0;20,6;0;0,05;0;0,038;0
24.08.2019 04:00;0,256;0;20,504;0;0,06;0;0,047;0
24.08.2019 05:00;0,256;0;20,388;0;0,07;0;0,057;0
24.08.2019 06:00;0,26;0,5;20,256;0;0,08;0;0,069;0
24.08.2019 07:00;2,726;0;20,169;0;0,09;0;0,073;0
24.08.2019 08:00;3,986;0;21,455;0,095;0;0,15;0;0,182
24.08.2019 09:00;0,351;0,1;23,187;0,256;0;0,36;0;0,413
24.08.2019 10:00;0,736;0;25,071;0,394;0;0,93;0;1,02
24.08.2019 11:00;5,841;;26,529;0,501;0;1,08;0;1,195
24.08.2019 12:00;0,286;0;27,319;0,576;0;1,48;0;1,615
24.08.2019 13:00;0,725;0;27,821;0,618;0;1,43;0;1,58
24.08.2019 14:00;7,941;0;28,069;0,626;0;1,48;0;1,623
24.08.2019 15:00;0,256;0,1;28,061;0,602;0;1,43;0;1,566
24.08.2019 16:00;0,976;0;27,85;0,545;0;1,48;0;1,598
24.08.2019 17:00;0,286;0,2;27,589;0,456;0;1,11;0;1,204
24.08.2019 18:00;1,506;0;27,073;0,334;0;0,86;0;0,918
24.08.2019 19:00;10,336;0;26,168;0,185;0;0,55;0;0,576
24.08.2019 20:00;0,376;1,39;24,705;0,031;0;0,21;0;0,214
24.08.2019 21:00;0,976;1,39;23,116;0;0;0,01;0;0,011
24.08.2019 22:00;0,355;0;22,167;0;0;0,1;0;0,104
24.08.2019 23:00;0,301;0;21,68;0;0;0,05;0;0,06
25.08.2019 00:00;0,256;0;21,432;0;0;0,03;0;0,037
25.08.2019 01:00;0,256;0;21,242;0;0;0,01;0;0,02
25.08.2019 02:00;0,256;0;21,072;0;0;0;0;0,005
25.08.2019 03:00;0,256;0;20,928;0;0,02;0;0,008;0
25.08.2019 04:00;0,256;0;20,794;0;0,03;0;0,021;0
25.08.2019 05:00;0,256;0;20,618;0;0,05;0;0,037;0
25.08.2019 06:00;0,28;0;20,452;0;0,06;0;0,052;0
25.08.2019 07:00;1,216;0;20,389;0;0,07;0;0,054;0
25.08.2019 08:00;4,356;0,2;21,45;0,084;0;0,14;0;0,17
25.08.2019 09:00;0,451;1,39;22,921;0,245;0;0,5;0;0,553
25.08.2019 10:00;0,781;0;24,485;0,382;0;0,68;0;0,765
25.08.2019 11:00;0,301;0;25,754;0,489;0;1,17;0;1,277
25.08.2019 12:00;6,016;0;26,651;0,564;0;1,39;0;1,522
25.08.2019 13:00;0,25;0;27,231;0,605;0;1,35;0;1,491
25.08.2019 14:00;0,736;0;27,458;0,616;0;1,57;0;1,72
25.08.2019 15:00;0,451;0;27,377;0,593;0;1,52;0;1,659
25.08.2019 16:00;0,386;0,3;27,094;0,537;0;1,21;0;1,327
25.08.2019 17:00;0,276;0;26,583;0,445;0;1,17;0;1,267
25.08.2019 18:00;7,056;0;25,746;0,311;0;0,69;0;0,755
25.08.2019 19:00;0,816;0;24,618;0,156;0;0,36;0;0,393
25.08.2019 20:00;0,406;1,39;23,355;0,015;0;0,07;0;0,073
25.08.2019 21:00;0,396;0,1;22,578;0;0,04;0;0,038;0
25.08.2019 22:00;0,92;0;22,337;0;0;0,12;0;0,12
25.08.2019 23:00;0,376;0;22,299;0;0;0,11;0;0,116
26.08.2019 00:00;0,256;0;22,16;0;0;0,1;0;0,104
26.08.2019 01:00;0,256;0;21,688;0;0;0,05;0;0,061
26.08.2019 02:00;0,256;0;21,458;0;0;0,03;0;0,04
26.08.2019 03:00;0,256;0;21,392;0;0;0,03;0;0,034
26.08.2019 04:00;0,256;0;21,527;0;0;0,04;0;0,046
26.08.2019 05:00;0,261;0;21,624;0;0;0,05;0;0,055
26.08.2019 06:00;0,31;0;21,607;0;0;0,05;0;0,053
26.08.2019 07:00;0,441;0,2;21,548;0;0;0,04;0;0,049
26.08.2019 08:00;0,821;1,39;22,035;0,017;0;0,13;0;0,14
26.08.2019 09:00;6,116;1,39;22,878;0,085;0;0,11;0;0,135
26.08.2019 10:00;0,451;0;23,84;0,162;0;0,3;0;0,333
26.08.2019 11:00;2,416;0;24,709;0,231;0;0,47;0;0,513
26.08.2019 12:00;4,816;0;25,087;0,273;0;0,56;0;0,611
26.08.2019 13:00;0,72;0,5;25,179;0,305;0;0,61;0;0,668
26.08.2019 14:00;0,291;0;25,179;0,316;0;0,62;0;0,686
26.08.2019 15:00;1,996;0;25,092;0,3;0;0,59;0;0,652
26.08.2019 16:00;0,401;0;24,961;0,278;0;0,55;0;0,608
26.08.2019 17:00;0,471;0;24,963;0,267;0;0,54;0;0,594
26.08.2019 18:00;0,816;0;24,983;0,24;0;0,51;0;0,558
26.08.2019 19:00;3,941;0;24,694;0,158;0;0,37;0;0,404
26.08.2019 20:00;3,426;0,3;23,739;0,017;0;0,11;0;0,112
26.08.2019 21:00;0,886;0;22,605;0;0,04;0;0,036;0
26.08.2019 22:00;0,35;0;22,168;0;0;0,1;0;0,104
26.08.2019 23:00;0,316;0;21,87;0;0;0,07;0;0,077
;0,317;0;21,634;0;0;0,05;0;0,056
